time,respirationRate
0,19.8
1,19.8
2,19.9
3,19.9
4,20.0
5,20.0
6,20.4
7,20.4
8,21.1
9,21.4
10,21.4
11,21.4
12,21.3
13,21.3
14,21.3
15,21.3
16,21.6
17,21.6
18,22.1
19,22.3
20,22.3
21,22.3
22,22.5
23,22.5
24,22.6
25,22.6
26,22.5
27,22.5
28,22.3
29,22.3
30,22.200000000000006
31,22.200000000000006
32,22.4
33,22.4
34,22.200000000000006
35,22.200000000000006
36,21.8
37,21.8
38,21.4
39,21.1
40,21.1
41,21.1
42,21.1
43,21.1
44,21.4
45,21.4
46,21.6
47,21.6
48,21.6
49,21.8
50,21.8
51,21.8
52,22.0
53,22.0
54,22.200000000000006
55,22.200000000000006
56,22.4
57,22.4
58,22.3
59,22.1
60,22.1
61,22.1
62,21.700000000000006
63,21.700000000000006
64,21.1
65,21.1
66,20.5
67,20.5
68,20.200000000000006
69,19.700000000000006
70,19.700000000000006
71,19.700000000000006
72,19.200000000000006
73,19.200000000000006
74,18.8
75,18.8
76,18.4
77,18.4
78,18.1
79,18.1
80,18.1
81,18.1
82,18.1
83,18.1
84,18.1
85,18.1
86,18.4
87,18.4
88,18.4
89,18.9
90,18.9
91,18.9
92,19.4
93,19.4
94,19.9
95,19.9
96,20.3
97,20.3
98,20.9
99,20.9
100,20.9
101,20.9
102,21.200000000000006
103,21.200000000000006
104,21.200000000000006
105,21.200000000000006
106,20.9
107,20.9
108,21.200000000000006
109,20.9
110,20.9
111,20.9
112,20.3
113,20.3
114,19.8
115,19.8
116,19.3
117,19.3
118,18.9
119,18.8
120,18.8
121,18.8
122,18.7
123,18.7
124,18.7
125,18.7
126,18.9
127,18.9
128,18.5
129,18.5
130,18.5
131,18.5
132,18.4
133,18.4
134,18.7
135,18.7
136,18.6
137,18.6
138,18.2
139,17.900000000000006
140,17.900000000000006
141,17.900000000000006
142,17.3
143,17.3
144,16.8
145,16.8
146,16.0
147,16.0
148,15.6
149,15.3
150,15.3
151,15.3
152,15.2
153,15.2
154,15.2
155,15.2
156,15.2
157,15.2
158,15.2
159,14.9
160,14.9
161,14.9
162,14.9
163,14.9
164,15.2
165,15.2
166,15.5
167,15.5
168,15.4
169,15.4
170,15.4
171,15.4
172,15.1
173,15.1
174,14.5
175,14.5
176,14.2
177,14.2
178,14.3
179,14.4
180,14.4
181,14.4
182,14.4
183,14.4
184,14.2
185,14.2
186,14.3
187,14.3
188,14.6
189,14.7
190,14.7
191,14.7
192,15.0
193,15.0
194,15.3
195,15.3
196,15.6
197,15.6
198,15.8
199,16.0
200,16.0
201,16.0
202,16.2
203,16.2
204,16.400000000000002
205,16.400000000000002
206,16.5
207,16.5
208,16.400000000000002
209,16.6
210,16.6
211,16.6
212,17.0
213,17.0
214,17.7
215,17.7
216,18.3
217,18.3
218,18.9
219,19.700000000000006
220,19.700000000000006
221,19.700000000000006
222,20.4
223,20.4
224,21.1
225,21.1
226,21.700000000000006
227,21.700000000000006
228,22.200000000000006
229,22.4
230,22.4
231,22.4
232,22.200000000000006
233,22.200000000000006
234,22.4
235,22.4
236,22.3
237,22.3
238,21.9
239,21.200000000000006
240,21.200000000000006
241,21.200000000000006
242,20.3
243,20.3
244,19.700000000000006
245,19.700000000000006
246,19.3
247,19.3
248,18.9
249,18.8
250,18.8
251,18.8
252,18.4
253,18.4
254,17.5
255,17.5
256,16.900000000000002
257,16.900000000000002
258,16.7
259,16.6
260,16.6
261,16.6
262,16.400000000000002
263,16.400000000000002
264,16.0
265,16.0
266,15.6
267,15.6
268,15.2
269,14.9
270,14.9
271,14.9
272,14.6
273,14.6
274,14.4
275,14.4
276,14.1
277,14.1
278,13.6
279,13.8
280,13.8
281,13.8
282,13.9
283,13.9
284,14.3
285,14.3
286,14.4
287,14.4
288,14.4
289,14.2
290,14.2
291,14.2
292,14.0
293,14.0
294,14.1
295,14.1
296,13.9
297,13.9
298,14.0
299,13.5
300,13.5
301,13.5
302,13.3
303,13.3
304,12.9
305,12.9
306,12.5
307,12.5
308,12.2
309,12.2
310,12.2
311,12.2
312,12.2
313,12.2
314,12.1
315,12.1
316,12.4
317,12.4
318,12.7
319,13.2
320,13.2
321,13.2
322,13.4
323,13.4
324,13.5
325,13.5
326,14.0
327,14.0
328,14.4
329,14.7
330,14.7
331,14.7
332,15.1
333,15.1
334,15.4
335,15.4
336,15.3
337,15.3
338,15.0
339,14.7
340,14.7
341,14.7
342,14.7
343,14.7
344,15.1
345,15.1
346,15.1
347,15.1
348,15.3
349,15.6
350,15.6
351,15.6
352,16.400000000000002
353,16.400000000000002
354,17.2
355,17.2
356,17.900000000000006
357,17.900000000000006
358,18.8
359,19.6
360,19.6
361,19.6
362,20.0
363,20.0
364,20.1
365,20.1
366,20.5
367,20.5
368,20.6
369,20.6
370,20.6
371,20.6
372,20.0
373,20.0
374,19.5
375,19.5
376,19.1
377,19.1
378,18.7
379,18.0
380,18.0
381,18.0
382,17.400000000000002
383,17.400000000000002
384,17.2
385,17.2
386,17.0
387,17.0
388,17.1
389,16.900000000000002
390,16.900000000000002
391,16.900000000000002
392,17.0
393,17.0
394,16.8
395,16.8
396,16.900000000000002
397,16.900000000000002
398,16.7
399,16.900000000000002
400,16.900000000000002
401,16.900000000000002
402,17.0
403,17.0
404,17.1
405,17.1
406,16.900000000000002
407,16.900000000000002
408,16.7
409,16.5
410,16.5
411,16.5
412,16.400000000000002
413,16.400000000000002
414,16.5
415,16.5
416,16.7
417,16.7
418,16.8
419,16.6
420,16.6
421,16.6
422,16.5
423,16.5
424,16.3
425,16.3
426,16.5
427,16.5
428,16.6
429,17.1
430,17.1
431,17.1
432,17.2
433,17.2
434,17.2
435,17.2
436,17.0
437,17.0
438,17.1
439,17.1
440,17.3
441,17.5
442,18.1
443,18.1
444,18.7
445,18.7
446,19.200000000000006
447,19.200000000000006
448,19.4
449,19.6
450,19.6
451,19.6
452,19.700000000000006
453,19.700000000000006
454,19.8
455,19.8
456,20.5
457,20.5
458,20.9
459,20.9
460,20.9
461,20.9
462,20.9
463,20.9
464,20.6
465,20.6
466,20.1
467,20.1
468,19.6
469,18.8
470,18.8
471,18.8
472,18.4
473,18.4
474,18.1
475,18.1
476,17.2
477,17.2
478,16.7
479,16.2
480,16.2
481,16.2
482,15.8
483,15.8
484,15.4
485,15.4
486,15.4
487,15.4
488,15.4
489,15.6
490,15.6
491,15.6
492,15.6
493,15.6
494,15.5
495,15.5
496,15.5
497,15.5
498,15.4
499,15.7
500,15.7
501,15.7
502,15.9
503,15.9
504,16.1
505,16.1
506,16.6
507,16.6
508,17.0
509,17.400000000000002
510,17.400000000000002
511,17.400000000000002
512,17.8
513,17.8
514,18.1
515,18.1
516,18.4
517,18.4
518,18.4
519,18.3
520,18.3
521,18.3
522,18.3
523,18.3
524,18.3
525,18.3
526,18.0
527,18.0
528,17.7
529,17.7
530,17.400000000000002
531,17.400000000000002
532,17.5
533,17.5
534,17.2
535,17.2
536,17.6
537,17.6
538,17.900000000000006
539,18.2
540,18.2
541,18.2
542,18.2
543,18.2
544,18.5
545,18.5
546,18.7
547,18.7
548,19.0
549,19.200000000000006
550,19.200000000000006
551,19.200000000000006
552,19.6
553,19.6
554,20.1
555,20.150000000000006
556,20.200000000000006
557,20.5
558,21.200000000000006
559,21.200000000000006
560,21.200000000000006
561,21.8
562,21.8
563,22.3
564,22.3
565,22.700000000000006
566,22.700000000000006
567,23.200000000000006
568,23.5
569,23.5
570,23.5
571,23.6
572,23.6
573,23.6
574,23.6
575,23.700000000000006
576,23.700000000000006
577,23.4
578,23.200000000000006
579,23.200000000000006
580,23.200000000000006
581,23.0
582,23.0
583,22.8
584,22.8
585,22.9
586,22.9
587,23.0
588,22.8
589,22.8
590,22.8
591,22.3
592,22.3
593,21.9
594,21.9
595,21.200000000000006
596,21.200000000000006
597,20.9
598,20.3
599,20.3
600,20.3
601,19.8
602,19.8
603,19.3
604,19.3
605,18.9
606,18.9
607,18.5
608,18.2
609,18.2
610,18.2
611,18.1
612,18.1
613,18.4
614,18.4
615,19.0
616,19.0
617,19.5
618,19.6
619,19.6
620,19.6
621,19.8
622,19.8
623,19.6
624,19.6
625,18.8
626,18.8
627,18.2
628,17.8
629,17.8
630,17.8
631,17.3
632,17.3
633,16.400000000000002
634,16.400000000000002
635,16.0
636,16.0
637,15.3
638,15.0
639,15.0
640,15.0
641,15.0
642,15.0
643,15.0
644,15.0
645,15.0
646,15.0
647,15.0
648,14.7
649,14.7
650,14.7
651,14.7
652,14.7
653,14.7
654,14.7
655,14.2
656,14.2
657,13.7
658,13.5
659,13.5
660,13.5
661,13.4
662,13.4
663,13.5
664,13.5
665,13.7
666,13.7
667,14.1
668,14.5
669,14.5
670,14.5
671,15.1
672,15.1
673,16.0
674,16.0
675,16.8
676,16.8
677,17.8
678,18.1
679,18.1
680,18.1
681,18.4
682,18.4
683,18.4
684,18.4
685,18.3
686,18.3
687,18.3
688,18.3
689,18.3
690,18.3
691,18.0
692,18.0
693,17.7
694,17.7
695,17.7
696,17.7
697,17.7
698,17.8
699,17.8
700,17.8
701,17.5
702,17.5
703,17.5
704,17.5
705,17.900000000000006
706,17.900000000000006
707,18.2
708,18.8
709,18.8
710,18.8
711,19.0
712,19.0
713,19.200000000000006
714,19.200000000000006
715,19.1
716,19.1
717,19.0
718,18.9
719,18.9
720,18.9
721,19.1
722,19.1
723,19.0
724,19.0
725,19.200000000000006
726,19.200000000000006
727,19.4
728,19.5
729,19.5
730,19.5
731,20.0
732,20.0
733,20.1
734,20.1
735,20.200000000000006
736,20.200000000000006
737,20.0
738,20.1
739,20.1
740,20.1
741,20.4
742,20.4
743,20.8
744,20.8
745,20.8
746,20.8
747,20.5
748,20.3
749,20.3
750,20.3
751,19.8
752,19.8
753,19.9
754,19.9
755,20.3
756,20.3
757,20.700000000000006
758,21.0
759,21.0
760,21.0
761,20.700000000000006
762,20.700000000000006
763,20.700000000000006
764,20.700000000000006
765,20.5
766,20.5
767,20.200000000000006
768,19.700000000000006
769,19.700000000000006
770,19.700000000000006
771,19.200000000000006
772,19.200000000000006
773,18.2
774,18.2
775,17.3
776,17.3
777,16.5
778,15.4
779,15.4
780,15.4
781,14.8
782,14.8
783,13.9
784,13.9
785,13.4
786,13.4
787,13.6
788,14.0
789,14.0
790,14.0
791,14.7
792,14.7
793,15.3
794,15.3
795,16.2
796,16.2
797,17.3
798,18.2
799,18.2
800,18.2
801,18.8
802,18.8
803,19.6
804,19.6
805,20.1
806,20.1
807,20.4
808,20.8
809,20.8
810,20.8
811,20.8
812,20.8
813,21.1
814,21.1
815,20.8
816,20.8
817,20.5
818,20.6
819,20.6
820,20.6
821,20.9
822,20.9
823,20.9
824,20.9
825,21.200000000000006
826,21.200000000000006
827,21.200000000000006
828,20.9
829,20.9
830,20.9
831,20.9
832,20.9
833,20.6
834,20.6
835,20.4
836,20.4
837,20.4
838,20.200000000000006
839,20.200000000000006
840,20.200000000000006
841,19.700000000000006
842,19.700000000000006
843,19.200000000000006
844,19.200000000000006
845,18.8
846,18.8
847,18.4
848,18.4
849,18.4
850,18.4
851,18.0
852,18.0
853,17.7
854,17.7
855,17.8
856,17.8
857,17.2
858,17.0
859,17.0
860,17.0
861,17.1
862,17.1
863,17.2
864,17.2
865,17.0
866,17.0
867,16.8
868,16.8
869,16.3
870,16.3
871,16.5
872,16.5
873,16.6
874,16.6
875,16.5
876,16.5
877,16.3
878,15.9
879,15.9
880,15.9
881,15.2
882,15.2
883,14.9
884,14.9
885,14.9
886,14.9
887,14.6
888,14.6
889,14.6
890,14.6
891,14.4
892,14.4
893,14.2
894,14.2
895,14.2
896,14.2
897,14.3
898,14.7
899,14.7
900,14.7
901,15.3
902,15.3
903,15.9
904,15.9
905,16.400000000000002
906,16.400000000000002
907,17.400000000000002
908,18.1
909,18.1
910,18.1
911,18.7
912,18.7
913,19.5
914,19.5
915,20.3
916,20.3
917,21.5
918,22.4
919,22.4
920,22.4
921,23.1
922,23.1
923,23.5
924,23.5
925,23.9
926,23.9
927,23.9
928,23.9
929,23.9
930,23.9
931,23.9
932,23.9
933,23.9
934,23.9
935,23.9
936,23.9
937,23.6
938,23.6
939,23.6
940,23.6
941,23.700000000000006
942,23.700000000000006
943,24.0
944,24.0
945,24.0
946,24.0
947,24.3
948,24.6
949,24.6
950,24.6
951,24.5
952,24.5
953,24.200000000000006
954,24.200000000000006
955,24.200000000000006
956,24.200000000000006
957,23.9
958,23.6
959,23.6
960,23.6
961,23.6
962,23.6
963,23.4
964,23.4
965,23.4
966,23.4
967,22.9
968,22.700000000000006
969,22.700000000000006
970,22.700000000000006
971,22.8
972,22.8
973,23.200000000000006
974,23.200000000000006
975,23.0
976,23.0
977,23.1
978,22.9
979,22.9
980,22.9
981,22.700000000000006
982,22.700000000000006
983,22.8
984,22.8
985,23.200000000000006
986,23.200000000000006
987,23.9
988,24.200000000000006
989,24.200000000000006
990,24.200000000000006
991,24.5
992,24.5
993,24.4
994,24.4
995,24.700000000000006
996,24.700000000000006
997,24.6
998,24.9
999,24.9
1000,24.9
1001,24.8
1002,24.8
1003,24.700000000000006
1004,24.700000000000006
1005,24.3
1006,24.3
1007,24.0
1008,23.700000000000006
1009,23.700000000000006
1010,23.700000000000006
1011,23.1
1012,23.1
1013,22.9
1014,22.9
1015,22.700000000000006
1016,22.700000000000006
1017,23.200000000000006
1018,23.200000000000006
1019,23.200000000000006
1020,23.200000000000006
1021,23.3
1022,23.3
1023,23.1
1024,23.1
1025,22.6
1026,22.6
1027,21.8
1028,21.8
1029,21.8
1030,21.8
1031,21.700000000000006
1032,21.700000000000006
1033,22.200000000000006
1034,22.200000000000006
1035,22.8
1036,22.8
1037,23.3
1038,23.700000000000006
1039,23.700000000000006
1040,23.700000000000006
1041,24.1
1042,24.1
1043,24.4
1044,24.4
1045,22.200000000000006
1046,22.200000000000006
1047,20.3
1048,18.9
1049,18.9
1050,18.9
1051,17.900000000000006
1052,17.900000000000006
1053,17.3
1054,17.3
1055,16.8
1056,16.8
1057,16.6
1058,16.7
1059,16.7
1060,16.7
1061,16.900000000000002
1062,16.900000000000002
1063,17.3
1064,17.3
1065,17.8
1066,17.8
1067,18.2
1068,18.2
1069,18.6
1070,18.6
1071,18.9
1072,18.9
1073,19.200000000000006
1074,19.200000000000006
1075,19.4
1076,19.4
1077,17.5
1078,15.7
1079,15.7
1080,15.7
1081,14.2
1082,14.2
1083,12.8
1084,12.8
1085,11.8
1086,11.8
1087,11.2
1088,11.0
1089,11.0
1090,11.0
1091,11.1
1092,11.1
1093,11.8
1094,11.8
1095,12.4
1096,12.4
1097,13.0
1098,13.0
1099,13.4
1100,13.4
1101,13.9
1102,13.9
1103,14.2
1104,14.2
1105,14.6
1106,14.6
1107,13.1
1108,12.4
1109,12.4
1110,12.4
1111,12.1
1112,12.1
1113,12.1
1114,12.1
1115,12.7
1116,12.7
1117,13.2
1118,14.0
1119,14.0
1120,14.0
1121,14.7
1122,14.7
1123,15.3
1124,15.3
1125,16.2
1126,16.2
1127,17.0
1128,17.1
1129,17.1
1130,17.1
1131,16.900000000000002
1132,16.900000000000002
1133,16.7
1134,16.7
1135,15.9
1136,15.9
1137,15.8
1138,15.4
1139,15.4
1140,15.4
1141,15.4
1142,15.4
1143,16.0
1144,16.0
1145,16.5
1146,16.5
1147,17.0
1148,17.5
1149,17.5
1150,17.5
1151,18.0
1152,18.0
1153,18.3
1154,18.3
1155,16.8
1156,16.8
1157,15.7
1158,14.7
1159,14.7
1160,14.7
1161,14.2
1162,14.2
1163,13.7
1164,13.7
1165,13.5
1166,13.5
1167,13.4
1168,13.5
1169,13.5
1170,13.5
1171,14.0
1172,14.0
1173,14.7
1174,14.7
1175,15.0
1176,15.0
1177,15.0
1178,15.0
1179,15.0
1180,15.0
1181,14.7
1182,14.7
1183,14.7
1184,14.7
1185,14.7
1186,14.7
1187,15.1
1188,15.4
1189,15.4
1190,15.4
1191,15.6
1192,15.6
1193,15.6
1194,15.6
1195,15.8
1196,15.8
1197,16.1
1198,16.3
1199,16.3
1200,16.3
1201,16.6
1202,16.6
1203,16.900000000000002
1204,16.900000000000002
1205,17.2
1206,17.2
1207,17.400000000000002
1208,15.9
1209,15.9
1210,15.9
1211,14.9
1212,14.9
1213,14.0
1214,14.0
1215,13.5
1216,13.5
1217,13.4
1218,13.6
1219,13.6
1220,13.6
1221,13.7
1222,13.7
1223,14.1
1224,14.1
1225,14.8
1226,14.8
1227,15.4
1228,16.0
1229,16.0
1230,16.0
1231,16.5
1232,16.5
1233,17.2
1234,17.2
1235,18.2
1236,18.2
1237,19.1
1238,19.9
1239,19.9
1240,19.9
1241,20.6
1242,20.6
1243,21.200000000000006
1244,21.200000000000006
1245,21.700000000000006
1246,21.700000000000006
1247,19.8
1248,18.5
1249,18.5
1250,18.5
1251,17.2
1252,17.2
1253,16.2
1254,16.2
1255,15.3
1256,15.3
1257,14.5
1258,13.7
1259,13.7
1260,13.7
1261,12.7
1262,12.7
1263,12.0
1264,12.0
1265,11.7
1266,11.7
1267,11.7
1268,11.8
1269,11.8
1270,11.8
1271,11.8
1272,11.8
1273,12.1
1274,12.1
1275,12.4
1276,12.4
1277,12.9
1278,13.7
1279,13.7
1280,13.7
1281,14.5
1282,14.5
1283,14.8
1284,14.8
1285,15.1
1286,15.1
1287,15.1
1288,15.1
1289,15.1
1290,15.1
1291,15.1
1292,15.1
1293,14.8
1294,14.8
1295,14.5
1296,14.5
1297,14.0
1298,13.5
1299,13.5
1300,13.5
1301,13.0
1302,13.0
1303,12.9
1304,12.9
1305,12.9
1306,12.9
1307,12.8
1308,13.0
1309,13.0
1310,13.0
1311,13.2
1312,13.2
1313,13.7
1314,13.7
1315,14.1
1316,14.1
1317,14.8
1318,15.1
1319,15.1
1320,15.1
1321,15.4
1322,15.4
1323,15.4
1324,15.4
1325,15.0
1326,15.0
1327,15.0
1328,15.0
1329,15.0
1330,15.0
1331,15.0
1332,15.0
1333,15.3
1334,15.3
1335,15.6
1336,15.6
1337,15.8
1338,16.3
1339,16.3
1340,16.3
1341,16.8
1342,16.8
1343,17.2
1344,17.2
1345,17.900000000000006
1346,17.900000000000006
1347,18.2
1348,18.2
1349,18.5
1350,18.5
1351,18.7
1352,18.7
1353,18.7
1354,18.7
1355,18.9
1356,18.9
1357,19.4
1358,20.200000000000006
1359,20.200000000000006
1360,20.200000000000006
1361,20.5
1362,20.5
1363,21.200000000000006
1364,21.200000000000006
1365,21.5
1366,21.5
1367,22.0
1368,22.200000000000006
1369,22.200000000000006
1370,22.200000000000006
1371,22.700000000000006
1372,22.700000000000006
1373,23.1
1374,23.1
1375,23.5
1376,23.5
1377,23.3
1378,22.700000000000006
1379,22.700000000000006
1380,22.700000000000006
1381,22.3
1382,22.3
1383,21.8
1384,21.8
1385,22.1
1386,22.1
1387,22.0
1388,22.200000000000006
1389,22.200000000000006
1390,22.200000000000006
1391,22.0
1392,22.0
1393,21.9
1394,21.9
1395,21.6
1396,21.6
1397,21.5
1398,21.5
1399,21.5
1400,21.5
1401,21.4
1402,21.4
1403,21.1
1404,21.1
1405,20.5
1406,20.5
1407,19.9
1408,19.4
1409,19.4
1410,19.4
1411,19.3
1412,19.3
1413,19.5
1414,19.5
1415,20.200000000000006
1416,20.200000000000006
1417,20.6
1418,20.6
1419,20.6
1420,20.6
1421,20.700000000000006
1422,20.700000000000006
1423,20.700000000000006
1424,20.700000000000006
1425,20.700000000000006
1426,20.700000000000006
1427,21.0
1428,21.3
1429,21.3
1430,21.3
1431,21.3
1432,21.3
1433,21.0
1434,21.0
1435,20.1
1436,20.1
1437,19.3
1438,18.6
1439,18.6
1440,18.6
1441,18.2
1442,18.2
1443,17.900000000000006
1444,17.900000000000006
1445,17.6
1446,17.6
1447,17.1
1448,16.6
1449,16.6
1450,16.6
1451,16.400000000000002
1452,16.400000000000002
1453,16.0
1454,16.0
1455,15.9
1456,15.9
1457,16.1
1458,16.1
1459,16.3
1460,16.3
1461,16.7
1462,16.7
1463,17.5
1464,17.5
1465,17.8
1466,17.8
1467,18.4
1468,19.0
1469,19.0
1470,19.0
1471,19.5
1472,19.5
1473,19.9
1474,19.9
1475,20.3
1476,20.3
1477,20.4
1478,20.700000000000006
1479,20.700000000000006
1480,20.700000000000006
1481,20.8
1482,20.8
1483,20.5
1484,20.5
1485,20.5
1486,20.5
1487,20.3
1488,19.8
1489,19.8
1490,19.8
1491,19.3
1492,19.3
1493,18.9
1494,18.9
1495,18.5
1496,18.5
1497,18.2
1498,17.8
1499,17.8
1500,17.8
1501,17.3
1502,17.3
1503,17.0
1504,17.0
1505,16.8
1506,16.8
1507,17.3
1508,17.900000000000006
1509,17.900000000000006
1510,17.900000000000006
1511,18.2
1512,18.2
1513,18.8
1514,18.8
1515,19.0
1516,19.0
1517,19.8
1518,20.200000000000006
1519,20.200000000000006
1520,20.200000000000006
1521,20.9
1522,20.9
1523,21.5
1524,21.5
1525,21.8
1526,21.8
1527,21.700000000000006
1528,21.6
1529,21.6
1530,21.6
1531,21.9
1532,21.9
1533,21.8
1534,21.8
1535,22.0
1536,22.0
1537,21.6
1538,21.5
1539,21.5
1540,21.5
1541,21.5
1542,21.5
1543,21.200000000000006
1544,21.200000000000006
1545,21.1
1546,21.1
1547,20.8
1548,20.8
1549,20.8
1550,20.8
1551,20.9
1552,20.9
1553,20.9
1554,20.9
1555,20.6
1556,20.6
1557,20.3
1558,20.1
1559,20.1
1560,20.1
1561,19.6
1562,19.6
1563,19.4
1564,19.4
1565,19.0
1566,19.0
1567,18.6
1568,17.900000000000006
1569,17.900000000000006
1570,17.900000000000006
1571,17.1
1572,17.1
1573,16.3
1574,16.3
1575,15.8
1576,15.8
1577,15.8
1578,15.7
1579,15.7
1580,15.7
1581,15.6
1582,15.6
1583,15.6
1584,15.6
1585,15.8
1586,15.8
1587,16.3
1588,16.5
1589,16.5
1590,16.5
1591,16.900000000000002
1592,16.900000000000002
1593,17.3
1594,17.3
1595,17.7
1596,17.7
1597,17.7
1598,17.7
1599,17.7
1600,17.7
1601,18.1
1602,18.1
1603,18.1
1604,18.1
1605,18.1
1606,18.1
1607,17.8
1608,17.8
1609,17.8
1610,17.8
1611,18.1
1612,18.1
1613,18.4
1614,18.4
1615,18.7
1616,18.7
1617,18.9
1618,19.1
1619,19.1
1620,19.1
1621,19.0
1622,19.0
1623,19.200000000000006
1624,19.200000000000006
1625,19.1
1626,19.1
1627,19.3
1628,19.200000000000006
1629,19.200000000000006
1630,19.200000000000006
1631,18.7
1632,18.7
1633,18.4
1634,18.4
1635,18.0
1636,18.0
1637,17.7
1638,17.5
1639,17.5
1640,17.5
1641,17.5
1642,17.5
1643,17.3
1644,17.3
1645,17.3
1646,17.3
1647,17.7
1648,18.3
1649,18.3
1650,18.3
1651,18.6
1652,18.6
1653,18.8
1654,18.8
1655,19.0
1656,19.0
1657,19.200000000000006
1658,19.4
1659,19.4
1660,19.4
1661,19.6
1662,19.6
1663,20.0
1664,20.0
1665,20.1
1666,20.1
1667,20.200000000000006
1668,20.0
1669,20.0
1670,20.0
1671,20.1
1672,20.1
1673,20.200000000000006
1674,20.200000000000006
1675,20.3
1676,20.3
1677,20.3
1678,20.4
1679,20.4
1680,20.4
1681,20.200000000000006
1682,20.200000000000006
1683,19.9
1684,19.9
1685,19.8
1686,19.8
1687,19.6
1688,19.700000000000006
1689,19.700000000000006
1690,19.700000000000006
1691,19.8
1692,19.8
1693,20.0
1694,20.0
1695,19.8
1696,19.8
1697,19.9
1698,20.0
1699,20.0
1700,20.0
1701,20.1
1702,20.1
1703,20.200000000000006
1704,20.200000000000006
1705,20.6
1706,20.6
1707,20.6
1708,20.6
1709,20.6
1710,20.6
1711,20.700000000000006
1712,20.700000000000006
1713,20.700000000000006
1714,20.700000000000006
1715,20.700000000000006
1716,20.700000000000006
1717,20.8
1718,20.5
1719,20.5
1720,20.5
1721,20.5
1722,20.5
1723,20.6
1724,20.6
1725,20.3
1726,20.3
1727,20.1
1728,19.6
1729,19.6
1730,19.6
1731,19.1
1732,19.1
1733,18.7
1734,18.7
1735,18.7
1736,18.7
1737,18.3
1738,18.3
1739,18.3
1740,18.3
1741,18.3
1742,18.3
1743,18.2
1744,18.2
1745,18.8
1746,18.8
1747,19.0
1748,19.1
1749,19.200000000000006
1750,19.200000000000006
1751,19.1
1752,19.1
1753,19.0
1754,19.0
1755,18.9
1756,18.9
1757,19.1
1758,19.0
1759,19.0
1760,19.0
1761,18.6
1762,18.6
1763,18.2
1764,18.2
1765,17.3
1766,17.3
1767,16.8
1768,16.3
1769,16.3
1770,16.3
1771,16.2
1772,16.2
1773,16.1
1774,16.1
1775,16.0
1776,16.0
1777,15.6
1778,15.5
1779,15.5
1780,15.5
1781,16.1
1782,16.1
1783,16.6
1784,16.6
1785,17.0
1786,17.0
1787,17.400000000000002
1788,17.8
1789,17.8
1790,17.8
1791,18.4
1792,18.4
1793,19.200000000000006
1794,19.200000000000006
1795,19.700000000000006
1796,19.700000000000006
1797,20.1
1798,20.1
1799,20.200000000000006
1800,20.200000000000006
1801,20.0
1802,20.0
1803,19.5
1804,19.5
1805,19.4
1806,19.4
1807,18.9
1808,18.8
1809,18.8
1810,18.8
1811,18.5
1812,18.5
1813,17.8
1814,17.8
1815,17.2
1816,17.2
1817,16.7
1818,16.8
1819,16.8
1820,16.8
1821,16.900000000000002
1822,16.900000000000002
1823,17.0
1824,17.0
1825,17.1
1826,17.1
1827,17.5
1828,17.6
1829,17.6
1830,17.6
1831,17.6
1832,17.6
1833,17.900000000000006
1834,17.900000000000006
1835,18.2
1836,18.2
1837,18.8
1838,19.0
1839,19.0
1840,19.0
1841,19.200000000000006
1842,19.200000000000006
1843,19.4
1844,19.4
1845,19.5
1846,19.5
1847,19.8
1848,19.8
1849,17.8
1850,17.8
1851,16.3
1852,16.3
1853,15.3
1854,15.3
1855,14.4
1856,14.4
1857,13.8
1858,13.4
1859,13.4
1860,13.4
1861,12.9
1862,12.9
1863,12.8
1864,12.8
1865,12.8
1866,12.8
1867,13.0
1868,13.2
1869,13.2
1870,13.2
1871,13.4
1872,13.4
1873,13.5
1874,13.5
1875,13.7
1876,13.7
1877,13.8
1878,14.2
1879,14.2
1880,14.2
1881,14.6
1882,14.6
1883,14.9
1884,14.9
1885,15.2
1886,15.2
1887,15.2
1888,15.2
1889,15.5
1890,15.5
1891,15.7
1892,15.7
1893,15.7
1894,15.7
1895,15.9
1896,15.9
1897,15.8
1898,15.7
1899,15.7
1900,15.7
1901,16.3
1902,16.3
1903,16.400000000000002
1904,16.400000000000002
1905,16.6
1906,16.6
1907,17.0
1908,17.200000000000003
1909,17.400000000000002
1910,17.400000000000002
1911,17.5
1912,17.5
1913,17.8
1914,17.8
1915,18.4
1916,18.4
1917,19.0
1918,19.200000000000006
1919,19.200000000000006
1920,19.200000000000006
1921,18.8
1922,18.8
1923,18.7
1924,18.7
1925,18.6
1926,18.6
1927,18.6
1928,18.2
1929,18.2
1930,18.2
1931,18.5
1932,18.5
1933,18.7
1934,18.7
1935,18.4
1936,18.4
1937,18.0
1938,18.0
1939,18.0
1940,18.6
1941,18.6
1942,18.9
1943,18.9
1944,19.4
1945,19.4
1946,19.5
1947,20.0
1948,20.0
1949,20.0
1950,20.4
1951,20.4
1952,20.700000000000006
1953,20.700000000000006
1954,21.4
1955,21.4
1956,21.9
1957,22.4
1958,22.4
1959,22.4
1960,22.6
1961,22.6
1962,23.0
1963,23.0
1964,23.4
1965,23.4
1966,24.1
1967,24.1
1968,24.4
1969,24.4
1970,24.6
1971,24.6
1972,24.6
1973,24.6
1974,24.200000000000006
1975,24.200000000000006
1976,24.200000000000006
1977,24.200000000000006
1978,24.200000000000006
1979,24.200000000000006
1980,23.9
1981,23.9
1982,23.3
1983,23.3
1984,22.8
1985,22.8
1986,22.3
1987,21.9
1988,21.9
1989,21.9
1990,20.9
1991,20.9
1992,20.3
1993,20.3
1994,20.4
1995,20.4
1996,20.4
1997,20.4
1998,20.200000000000006
1999,20.200000000000006
2000,20.3
2001,20.3
2002,20.6
2003,20.6
2004,20.700000000000006
2005,20.700000000000006
2006,21.0
2007,21.3
2008,21.3
2009,21.3
2010,21.9
2011,21.9
2012,22.4
2013,22.4
2014,22.5
2015,22.5
2016,22.4
2017,22.6
2018,22.6
2019,22.6
2020,22.700000000000006
2021,22.700000000000006
2022,22.5
2023,22.5
2024,22.700000000000006
2025,22.700000000000006
2026,22.5
2027,22.4
2028,22.4
2029,22.4
2030,22.200000000000006
2031,22.200000000000006
2032,22.1
2033,22.1
2034,21.700000000000006
2035,21.700000000000006
2036,21.6
2037,21.3
2038,21.3
2039,21.3
2040,20.700000000000006
2041,20.700000000000006
2042,20.4
2043,20.4
2044,20.200000000000006
2045,20.200000000000006
2046,20.0
2047,20.1
2048,20.1
2049,20.1
2050,20.1
2051,20.1
2052,20.200000000000006
2053,20.200000000000006
2054,20.3
2055,20.3
2056,20.1
2057,20.200000000000006
2058,20.200000000000006
2059,20.200000000000006
2060,20.200000000000006
2061,20.200000000000006
2062,20.0
2063,20.0
2064,19.8
2065,19.8
2066,19.6
2067,19.5
2068,19.5
2069,19.5
2070,19.3
2071,19.3
2072,18.9
2073,18.9
2074,18.8
2075,18.8
2076,19.0
2077,19.200000000000006
2078,19.200000000000006
2079,19.200000000000006
2080,19.700000000000006
2081,19.700000000000006
2082,20.4
2083,20.4
2084,21.1
2085,21.1
2086,21.4
2087,21.6
2088,21.6
2089,21.6
2090,21.6
2091,21.6
2092,21.5
2093,21.5
2094,21.5
2095,21.5
2096,21.4
2097,21.4
2098,21.4
2099,21.4
2100,21.1
2101,21.1
2102,20.8
2103,20.8
2104,20.5
2105,20.5
2106,20.5
2107,20.6
2108,20.6
2109,20.6
2110,20.6
2111,20.6
2112,20.6
2113,20.6
2114,20.4
2115,20.4
2116,19.9
2117,19.1
2118,19.1
2119,19.1
2120,18.7
2121,18.7
2122,18.3
2123,18.3
2124,18.0
2125,18.0
2126,17.400000000000002
2127,17.400000000000002
2128,16.900000000000002
2129,16.900000000000002
2130,16.400000000000002
2131,16.400000000000002
2132,16.3
2133,16.3
2134,16.1
2135,16.1
2136,16.0
2137,15.8
2138,15.8
2139,15.8
2140,15.7
2141,15.7
2142,15.7
2143,15.7
2144,15.7
2145,15.7
2146,15.7
2147,14.4
2148,14.4
2149,14.4
2150,13.6
2151,13.6
2152,13.4
2153,13.4
2154,13.6
2155,13.6
2156,14.0
2157,14.4
2158,14.4
2159,14.4
2160,14.8
2161,14.8
2162,15.1
2163,15.1
2164,15.3
2165,15.3
2166,15.6
2167,15.9
2168,15.9
2169,15.9
2170,16.1
2171,16.1
2172,16.400000000000002
2173,16.400000000000002
2174,14.7
2175,14.7
2176,13.3
2177,12.2
2178,12.2
2179,12.2
2180,11.9
2181,11.9
2182,11.9
2183,11.9
2184,12.2
2185,12.2
2186,12.5
2187,12.65
2188,12.8
2189,12.8
2190,13.1
2191,13.1
2192,13.4
2193,13.4
2194,12.1
2195,12.1
2196,11.2
2197,10.4
2198,10.4
2199,10.4
2200,10.0
2201,10.0
2202,10.2
2203,10.2
2204,10.3
2205,10.3
2206,10.8
2207,11.5
2208,11.5
2209,11.5
2210,12.2
2211,12.2
2212,13.0
2213,13.0
2214,14.0
2215,14.0
2216,15.0
2217,15.9
2218,15.9
2219,15.9
2220,16.7
2221,16.7
2222,17.400000000000002
2223,17.400000000000002
2224,15.6
2225,15.6
2226,14.1
2227,12.7
2228,12.7
2229,12.7
2230,11.7
2231,11.7
2232,11.2
2233,11.2
2234,10.6
2235,10.6
2236,10.5
2237,10.5
2238,10.6
2239,10.6
2240,10.8
2241,10.8
2242,11.2
2243,11.2
2244,11.9
2245,11.9
2246,12.5
2247,13.3
2248,13.3
2249,13.3
2250,13.8
2251,13.8
2252,13.9
2253,13.9
2254,14.3
2255,14.3
2256,14.7
2257,15.0
2258,15.0
2259,15.0
2260,15.6
2261,15.6
2262,16.1
2263,16.1
2264,16.3
2265,16.3
2266,16.8
2267,16.900000000000002
2268,16.900000000000002
2269,16.900000000000002
2270,17.3
2271,17.3
2272,18.0
2273,18.0
2274,18.3
2275,18.3
2276,18.5
2277,18.8
2278,18.8
2279,18.8
2280,19.0
2281,19.0
2282,19.200000000000006
2283,19.200000000000006
2284,19.4
2285,19.4
2286,19.5
2287,20.0
2288,20.0
2289,20.0
2290,20.4
2291,20.4
2292,20.4
2293,20.4
2294,20.5
2295,20.5
2296,20.5
2297,20.3
2298,20.3
2299,20.3
2300,20.1
2301,20.1
2302,19.9
2303,19.9
2304,20.0
2305,20.0
2306,20.4
2307,20.700000000000006
2308,20.700000000000006
2309,20.700000000000006
2310,21.4
2311,21.4
2312,21.9
2313,21.9
2314,22.700000000000006
2315,22.700000000000006
2316,23.1
2317,23.1
2318,23.8
2319,23.8
2320,24.4
2321,24.4
2322,25.0
2323,25.0
2324,25.200000000000006
2325,25.200000000000006
2326,25.1
2327,24.700000000000006
2328,24.700000000000006
2329,24.700000000000006
2330,23.700000000000006
2331,23.700000000000006
2332,23.4
2333,23.4
2334,23.200000000000006
2335,23.200000000000006
2336,23.0
2337,22.8
2338,22.8
2339,22.8
2340,22.3
2341,22.3
2342,21.6
2343,21.6
2344,21.200000000000006
2345,21.200000000000006
2346,20.6
2347,20.700000000000006
2348,20.700000000000006
2349,20.700000000000006
2350,20.700000000000006
2351,20.700000000000006
2352,20.4
2353,20.4
2354,19.9
2355,19.9
2356,19.700000000000006
2357,19.5
2358,19.5
2359,19.5
2360,20.0
2361,20.0
2362,20.4
2363,20.4
2364,20.4
2365,20.4
2366,20.8
2367,20.8
2368,21.1
2369,21.1
2370,21.700000000000006
2371,21.700000000000006
2372,21.9
2373,21.9
2374,22.4
2375,22.4
2376,22.9
2377,23.3
2378,23.3
2379,23.3
2380,23.4
2381,23.4
2382,23.4
2383,23.4
2384,23.5
2385,23.5
2386,23.5
2387,23.0
2388,23.0
2389,23.0
2390,22.5
2391,22.5
2392,22.0
2393,22.0
2394,21.6
2395,21.6
2396,21.0
2397,20.4
2398,20.4
2399,20.4
2400,20.200000000000006
2401,20.200000000000006
2402,19.9
2403,19.9
2404,20.0
2405,20.0
2406,19.8
2407,19.700000000000006
2408,19.700000000000006
2409,19.700000000000006
2410,19.5
2411,19.5
2412,19.4
2413,19.4
2414,18.9
2415,18.9
2416,18.8
2417,18.5
2418,18.5
2419,18.5
2420,17.5
2421,17.5
2422,16.7
2423,16.7
2424,15.9
2425,15.9
2426,15.2
2427,14.6
2428,14.6
2429,14.6
2430,14.0
2431,14.0
2432,14.1
2433,14.1
2434,14.2
2435,14.2
2436,14.3
2437,14.4
2438,14.4
2439,14.4
2440,14.7
2441,14.7
2442,15.3
2443,15.3
2444,15.6
2445,15.6
2446,16.1
2447,16.900000000000002
2448,16.900000000000002
2449,16.900000000000002
2450,17.3
2451,17.3
2452,17.400000000000002
2453,17.400000000000002
2454,17.400000000000002
2455,17.400000000000002
2456,17.8
2457,18.4
2458,18.4
2459,18.4
2460,19.0
2461,19.0
2462,19.200000000000006
2463,19.200000000000006
2464,19.3
2465,19.3
2466,19.5
2467,19.4
2468,19.4
2469,19.4
2470,19.5
2471,19.5
2472,19.4
2473,19.4
2474,19.200000000000006
2475,19.200000000000006
2476,18.8
2477,18.4
2478,18.4
2479,18.4
2480,17.8
2481,17.8
2482,17.5
2483,17.5
2484,17.6
2485,17.6
2486,17.3
2487,17.400000000000002
2488,17.400000000000002
2489,17.400000000000002
2490,17.7
2491,17.7
2492,18.1
2493,18.1
2494,18.6
2495,18.6
2496,18.9
2497,19.1
2498,19.1
2499,19.1
2500,19.6
2501,19.6
2502,19.700000000000006
2503,19.700000000000006
2504,19.8
2505,19.8
2506,19.9
2507,20.0
2508,20.0
2509,20.0
2510,19.5
2511,19.5
2512,19.4
2513,19.4
2514,19.3
2515,19.3
2516,19.1
2517,19.0
2518,19.0
2519,19.0
2520,18.6
2521,18.6
2522,18.6
2523,18.6
2524,18.2
2525,18.2
2526,18.2
2527,18.2
2528,18.2
2529,18.2
2530,18.2
2531,18.2
2532,18.2
2533,18.2
2534,18.2
2535,18.2
2536,18.1
2537,18.1
2538,18.1
2539,18.1
2540,18.1
2541,18.1
2542,18.1
2543,18.1
2544,18.4
2545,18.4
2546,18.7
2547,18.6
2548,18.6
2549,18.6
2550,18.8
2551,18.8
2552,19.0
2553,19.0
2554,18.9
2555,18.9
2556,19.1
2557,19.6
2558,19.6
2559,19.6
2560,20.1
2561,20.1
2562,20.1
2563,20.1
2564,19.9
2565,19.9
2566,19.4
2567,19.35
2568,19.3
2569,19.3
2570,18.9
2571,18.9
2572,18.5
2573,18.5
2574,18.5
2575,18.5
2576,18.4
2577,17.8
2578,17.8
2579,17.8
2580,17.5
2581,17.5
2582,17.3
2583,17.3
2584,17.3
2585,17.3
2586,17.400000000000002
2587,17.400000000000002
2588,17.400000000000002
2589,17.400000000000002
2590,17.8
2591,17.8
2592,17.8
2593,17.8
2594,18.1
2595,18.1
2596,18.4
2597,19.0
2598,19.0
2599,19.0
2600,19.200000000000006
2601,19.200000000000006
2602,19.6
2603,19.6
2604,20.1
2605,20.1
2606,20.8
2607,21.1
2608,21.4
2609,21.4
2610,21.9
2611,21.9
2612,22.700000000000006
2613,22.700000000000006
2614,22.9
2615,22.9
2616,23.0
2617,22.8
2618,22.8
2619,22.8
2620,22.9
2621,22.9
2622,23.0
2623,23.0
2624,22.8
2625,22.8
2626,22.6
2627,22.5
2628,22.5
2629,22.5
2630,22.0
2631,22.0
2632,21.6
2633,21.6
2634,21.3
2635,21.3
2636,21.0
2637,20.85
2638,20.700000000000006
2639,20.700000000000006
2640,20.4
2641,20.4
2642,20.200000000000006
2643,20.200000000000006
2644,20.200000000000006
2645,20.200000000000006
2646,20.0
2647,20.1
2648,20.1
2649,20.1
2650,20.5
2651,20.5
2652,20.5
2653,20.5
2654,20.9
2655,20.9
2656,21.200000000000006
2657,22.1
2658,22.1
2659,22.1
2660,22.6
2661,22.6
2662,22.700000000000006
2663,22.700000000000006
2664,22.8
2665,22.8
2666,22.9
2667,22.8
2668,22.8
2669,22.8
2670,22.6
2671,22.6
2672,22.4
2673,22.4
2674,22.3
2675,22.3
2676,22.200000000000006
2677,21.8
2678,21.8
2679,21.8
2680,21.700000000000006
2681,21.700000000000006
2682,21.6
2683,21.6
2684,21.6
2685,21.6
2686,21.5
2687,21.5
2688,21.5
2689,21.5
2690,21.1
2691,21.1
2692,21.1
2693,21.1
2694,21.4
2695,21.4
2696,21.700000000000006
2697,21.9
2698,21.9
2699,21.9
2700,22.1
2701,22.1
2702,22.3
2703,22.3
2704,22.5
2705,22.5
2706,22.6
2707,22.700000000000006
2708,22.700000000000006
2709,22.700000000000006
2710,22.9
2711,22.9
2712,23.0
2713,23.0
2714,22.8
2715,22.8
2716,22.6
2717,22.200000000000006
2718,22.200000000000006
2719,22.200000000000006
2720,22.3
2721,22.3
2722,22.5
2723,22.5
2724,22.4
2725,22.4
2726,22.5
2727,22.700000000000006
2728,22.700000000000006
2729,22.700000000000006
2730,22.8
2731,22.8
2732,22.9
2733,22.9
2734,22.700000000000006
2735,22.700000000000006
2736,22.5
2737,23.0
2738,23.0
2739,23.0
2740,22.5
2741,22.5
2742,22.4
2743,22.4
2744,22.200000000000006
2745,22.200000000000006
2746,21.8
2747,21.4
2748,21.4
2749,21.4
2750,21.1
2751,21.1
2752,20.8
2753,20.8
2754,20.5
2755,20.5
2756,20.0
2757,18.9
2758,18.9
2759,18.9
2760,18.2
2761,18.2
2762,17.6
2763,17.6
2764,17.0
2765,17.0
2766,16.8
2767,16.7
2768,16.7
2769,16.7
2770,16.5
2771,16.5
2772,16.400000000000002
2773,16.400000000000002
2774,16.5
2775,16.5
2776,17.0
2777,18.0
2778,18.0
2779,18.0
2780,18.6
2781,18.6
2782,18.8
2783,18.8
2784,19.3
2785,19.3
2786,19.5
2787,19.6
2788,19.6
2789,19.6
2790,19.8
2791,19.8
2792,19.9
2793,19.9
2794,19.700000000000006
2795,19.700000000000006
2796,19.5
2797,18.8
2798,18.8
2799,18.8
2800,18.4
2801,18.4
2802,18.1
2803,18.1
2804,18.1
2805,18.1
2806,18.4
2807,18.6
2808,18.6
2809,18.6
2810,18.9
2811,18.9
2812,19.1
2813,19.1
2814,19.3
2815,19.3
2816,19.4
2817,19.9
2818,19.9
2819,19.9
2820,20.3
2821,20.3
2822,20.700000000000006
2823,20.700000000000006
2824,20.4
2825,20.4
2826,19.9
2827,19.1
2828,19.1
2829,19.1
2830,18.7
2831,18.7
2832,18.0
2833,18.0
2834,17.7
2835,17.7
2836,17.5
2837,16.900000000000002
2838,16.900000000000002
2839,16.900000000000002
2840,16.400000000000002
2841,16.400000000000002
2842,16.0
2843,16.0
2844,15.6
2845,15.6
2846,15.2
2847,14.9
2848,14.9
2849,14.9
2850,14.6
2851,14.6
2852,14.4
2853,14.4
2854,14.1
2855,14.1
2856,13.9
2857,14.0
2858,14.0
2859,14.0
2860,13.8
2861,13.8
2862,13.7
2863,13.7
2864,13.5
2865,13.5
2866,13.4
2867,13.2
2868,13.2
2869,13.2
2870,13.1
2871,13.1
2872,13.0
2873,13.0
2874,12.9
2875,12.9
2876,12.8
2877,12.4
2878,12.4
2879,12.4
2880,12.4
2881,12.4
2882,12.4
2883,12.4
2884,12.6
2885,12.6
2886,12.9
2887,13.1
2888,13.1
2889,13.1
2890,13.0
2891,13.0
2892,12.9
2893,12.9
2894,12.5
2895,12.5
2896,12.5
2897,12.7
2898,12.7
2899,12.7
2900,12.6
2901,12.6
2902,12.6
2903,12.6
2904,12.5
2905,12.5
2906,12.5
2907,12.4
2908,12.4
2909,12.4
2910,12.7
2911,12.7
2912,12.9
2913,12.9
2914,13.4
2915,13.4
2916,13.6
2917,13.4
2918,13.4
2919,13.4
2920,13.6
2921,13.6
2922,13.7
2923,13.7
2924,13.8
2925,13.8
2926,14.2
2927,14.6
2928,14.6
2929,14.6
2930,14.6
2931,14.6
2932,15.0
2933,15.0
2934,15.0
2935,15.0
2936,14.7
2937,14.7
2938,14.7
2939,14.7
2940,14.4
2941,14.4
2942,14.2
2943,14.2
2944,14.0
2945,14.0
2946,13.5
2947,13.4
2948,13.4
2949,13.4
2950,13.5
2951,13.5
2952,13.4
2953,13.4
2954,13.5
2955,13.5
2956,14.0
2957,14.1
2958,14.1
2959,14.1
2960,14.2
2961,14.2
2962,14.2
2963,14.2
2964,14.3
2965,14.3
2966,14.4
2967,14.1
2968,14.1
2969,14.1
2970,13.6
2971,13.6
2972,13.5
2973,13.5
2974,13.0
2975,13.0
2976,12.6
2977,12.3
2978,12.3
2979,12.3
2980,12.0
2981,12.0
2982,12.0
2983,12.0
2984,12.0
2985,12.0
2986,12.0
2987,12.0
2988,12.0
2989,12.0
2990,12.3
2991,12.3
2992,12.2
2993,12.2
2994,12.5
2995,12.5
2996,12.5
2997,13.0
2998,13.0
2999,13.0
3000,13.8
3001,13.8
3002,14.2
3003,14.2
3004,14.6
3005,14.6
3006,14.9
3007,15.5
3008,15.5
3009,15.5
3010,16.1
3011,16.1
3012,16.900000000000002
3013,16.900000000000002
3014,17.3
3015,17.3
3016,17.900000000000006
3017,18.2
3018,18.2
3019,18.2
3020,18.5
3021,18.5
3022,19.1
3023,19.1
3024,19.5
3025,19.5
3026,20.3
3027,20.700000000000006
3028,20.700000000000006
3029,20.700000000000006
3030,20.700000000000006
3031,20.700000000000006
3032,20.700000000000006
3033,20.700000000000006
3034,21.0
3035,21.0
3036,21.3
3037,21.3
3038,21.3
3039,21.3
3040,21.3
3041,21.3
3042,21.0
3043,21.0
3044,20.700000000000006
3045,20.700000000000006
3046,20.1
3047,19.9
3048,19.9
3049,19.9
3050,19.700000000000006
3051,19.700000000000006
3052,19.200000000000006
3053,19.200000000000006
3054,18.5
3055,18.5
3056,17.6
3057,17.0
3058,17.0
3059,17.0
3060,16.2
3061,16.2
3062,15.5
3063,15.5
3064,14.9
3065,14.9
3066,14.6
3067,14.45
3068,14.3
3069,14.3
3070,14.4
3071,14.4
3072,14.7
3073,14.7
3074,15.4
3075,15.4
3076,15.9
3077,16.400000000000002
3078,16.400000000000002
3079,16.400000000000002
3080,16.900000000000002
3081,16.900000000000002
3082,17.6
3083,17.6
3084,17.900000000000006
3085,17.900000000000006
3086,17.900000000000006
3087,17.900000000000006
3088,17.900000000000006
3089,17.900000000000006
3090,17.6
3091,17.6
3092,17.400000000000002
3093,17.400000000000002
3094,16.8
3095,16.8
3096,17.0
3097,17.1
3098,17.1
3099,17.1
3100,17.400000000000002
3101,17.400000000000002
3102,17.8
3103,17.8
3104,18.4
3105,18.4
3106,19.0
3107,19.5
3108,19.5
3109,19.5
3110,19.9
3111,19.9
3112,20.3
3113,20.3
3114,20.700000000000006
3115,20.700000000000006
3116,20.700000000000006
3117,20.4
3118,20.4
3119,20.4
3120,20.200000000000006
3121,20.200000000000006
3122,19.700000000000006
3123,19.700000000000006
3124,18.9
3125,18.9
3126,18.8
3127,18.8
3128,18.8
3129,18.8
3130,19.0
3131,19.0
3132,19.200000000000006
3133,19.200000000000006
3134,19.700000000000006
3135,19.700000000000006
3136,19.8
3137,20.200000000000006
3138,20.200000000000006
3139,20.200000000000006
3140,20.6
3141,20.6
3142,20.9
3143,20.9
3144,21.5
3145,21.5
3146,21.8
3147,21.8
3148,21.700000000000006
3149,21.700000000000006
3150,21.6
3151,21.6
3152,21.6
3153,21.6
3154,21.200000000000006
3155,21.200000000000006
3156,21.200000000000006
3157,21.200000000000006
3158,21.200000000000006
3159,21.200000000000006
3160,21.200000000000006
3161,21.200000000000006
3162,21.200000000000006
3163,21.200000000000006
