time,meanIntensity,stDevIntensity,meanPitch,stDevPitch,stDevVoiceActivity,meanVoiceActivity,syllablesPerSecond,filledPauses
0.0,0.0,0.0,0.0,0.0,0.0,0.0,0.0,0.0
1.0,0.0,0.0,0.0,0.0,0.0,0.0,0.0,0.0
2.0,0.0,0.0,0.0,0.0,0.0,0.0,0.0,0.0
3.0,0.0,0.0,0.0,0.0,0.0,0.0,0.0,0.0
4.0,0.0,0.0,0.0,0.0,0.0,0.0,0.0,0.0
5.0,121.06956991781814,94.5924287718506,0.0,0.0,0.0,0.0,0.0,0.0
6.0,121.85797111791805,94.38438304136696,0.0,0.0,0.0,0.0,0.0,0.0
7.0,98.64979318138052,8.626506036898043,0.0,0.0,0.0,0.0,0.0,0.0
8.0,99.2783821853982,8.782367657438261,0.0,0.0,0.0,0.0,0.0,0.0
9.0,98.73173915853158,8.370315122424556,0.0,0.0,0.0,0.0,0.0,0.0
10.0,97.83710969505238,8.098371443261238,0.0,0.0,0.0,0.0,0.0,0.0
11.0,96.7221334184571,8.11761160029805,0.0,0.0,0.0,0.0,0.0,0.0
12.0,96.04057283697142,8.326598311505737,0.0,0.0,0.0,0.0,0.0,0.0
13.0,126.52145221664873,261.6834087372666,0.0,0.0,0.1862900963551203,0.036,0.0,0.0
14.0,399.9491498880441,925.0071393407018,0.0,0.0,0.3874841932259947,0.184,1.0,0.0
15.0,408.92138981766334,922.8536002211838,0.0,0.0,0.3874841932259947,0.184,1.0,0.0
16.0,416.37354545579177,921.8998310723324,0.0,0.0,0.38748419322599476,0.184,1.0,0.0
17.0,524.5602498805362,990.2037907876174,0.0,0.0,0.4282942913464992,0.242,1.4,0.0
18.0,730.978741236679,1145.5793584215135,251.80882892565597,21.552549391160778,0.48114862568649197,0.364,2.2,0.0
19.0,686.6831953267639,1059.6197429093647,0.0,0.0,0.4730285403651665,0.338,1.8,0.0
20.0,924.8897062317224,1270.826276131278,0.0,0.0,0.49535441857320706,0.432,2.4,0.0
21.0,1102.9356649538186,1422.6440935890016,0.0,0.0,0.49921538437832613,0.528,2.6,0.0
22.0,1365.4442012806912,1758.8686578789088,0.0,0.0,0.4994236678412428,0.524,2.6,0.0
23.0,1173.3902351239062,1730.7081186009232,234.47742916336145,23.19060331518345,0.4914631217090455,0.408,2.0,0.0
24.0,1373.3046284190486,1983.9099324993044,0.0,0.0,0.4963869458396343,0.44,2.2,0.0
25.0,1381.9531970163625,1917.8688195595046,226.20288774398958,34.07724924976577,0.5,0.5,2.8,0.0
26.0,1361.9908124127244,1914.0852631854436,227.6211255085319,34.298185404512175,0.49993599590347565,0.492,2.6,0.0
27.0,1128.8029793799733,1722.4589321688345,0.0,0.0,0.4982328772772828,0.458,2.4,0.0
28.0,1279.2094097110073,1729.3893222918111,228.55330936261504,33.54934804632521,0.49932354240512244,0.526,3.0,0.0
29.0,1009.770686905946,1405.212301970348,225.29179749988174,44.8738392127196,0.49870231601627835,0.464,3.0,0.0
30.0,766.8017255220678,1329.9391283638358,0.0,0.0,0.462493243193887,0.31,1.8,0.0
31.0,762.7484832130444,1164.6221042275986,0.0,0.0,0.49108451411136966,0.406,2.8,0.0
32.0,715.3335142231532,917.3636891609885,0.0,0.0,0.4993235424051224,0.474,3.2,0.0
33.0,530.4511437361156,789.335014768976,183.72566265186296,55.4218147226805,0.4881966816765555,0.392,2.8,0.0
34.0,369.9523675565647,511.0349275127209,0.0,0.0,0.44498988752554813,0.272,2.0,0.0
35.0,357.28125494322785,513.3418103001612,192.8858980896633,46.01645631768135,0.4407992740465892,0.264,2.0,0.0
36.0,194.03526076593633,215.53566742918355,0.0,0.0,0.3295815528818322,0.124,1.0,0.0
37.0,106.20279757676718,49.60784432541133,0.0,0.0,0.0,0.0,0.0,0.0
38.0,99.36164217136022,27.66325923897236,0.0,0.0,0.0,0.0,0.0,0.0
39.0,139.1632273373949,113.80963870541004,0.0,0.0,0.0,0.0,0.0,0.0
40.0,140.13581423867475,113.51881562741256,0.0,0.0,0.0,0.0,0.0,0.0
41.0,251.48607714069885,356.19663205698083,0.0,0.0,0.38910666917954523,0.186,1.0,0.0
42.0,262.70630279533077,355.2040399301775,0.0,0.0,0.40296898143653687,0.204,1.2,0.0
43.0,259.57619482078576,355.5768399459451,0.0,0.0,0.4029689814365369,0.204,1.2,0.0
44.0,219.0184988735777,352.2374522228486,0.0,0.0,0.3510897321198671,0.144,0.8,0.0
45.0,217.3460876317142,352.78900432495493,0.0,0.0,0.35108973211986705,0.144,0.8,0.0
46.0,106.63787227393266,53.60178261385299,0.0,0.0,0.0,0.0,0.0,0.0
47.0,115.99600772989027,56.72427401770851,0.0,0.0,0.0,0.0,0.0,0.0
48.0,127.19989487053593,61.83923842407978,0.0,0.0,0.0,0.0,0.0,0.0
49.0,308.7001133117142,951.1654191870139,0.0,0.0,0.22202702538204672,0.052,0.2,0.0
50.0,585.457374615135,1285.7414584112394,0.0,0.0,0.38910666917954523,0.186,1.0,0.0
51.0,833.467129728653,1412.3899637866277,0.0,0.0,0.4694848240358787,0.328,1.8,0.0
52.0,951.1835033626245,1402.8090154131655,0.0,0.0,0.4995157655169654,0.478,2.6,0.0
53.0,961.2977721127702,1400.170781373059,0.0,0.0,0.4996758949559204,0.518,3.0,0.0
54.0,780.856333508445,1141.1921593632178,213.166663324746,41.03352136623058,0.4987023160162784,0.464,2.8,0.0
55.0,503.60852965610826,809.3746632576117,206.2247531505346,42.62451829630219,0.47093099282166595,0.332,2.0,0.0
56.0,256.2515334363853,387.1185763377178,182.765267885121,45.72688469831321,0.3923009049186607,0.19,1.0,0.0
57.0,117.63503890206258,103.82531140682113,113.29907337232622,2.5890725696789376,0.1959591794226542,0.04,0.4,0.0
58.0,96.35223291238934,8.186915344908877,0.0,0.0,0.0,0.0,0.0,0.0
59.0,149.85069018479544,158.51064115264768,0.0,0.0,0.17600000000000002,0.032,0.4,0.0
60.0,175.41864553015085,194.2979967415574,0.0,0.0,0.2861817604250837,0.09,0.6,0.0
61.0,276.75420522535256,585.5774070543036,0.0,0.0,0.3490501396647765,0.142,0.8,0.0
62.0,276.7006927993932,585.5898355988745,0.0,0.0,0.34905013966477655,0.142,0.8,0.0
63.0,276.96004070978626,585.5055435750058,0.0,0.0,0.34905013966477655,0.142,0.8,0.0
64.0,224.67382947360207,575.3733848132713,0.0,0.0,0.31288975694324034,0.11,0.4,0.0
65.0,199.3190111063919,566.5002788608656,229.27627257453207,15.356363614866769,0.20058913230780975,0.042,0.2,0.0
66.0,96.81006627837318,8.84240009910173,0.0,0.0,0.0,0.0,0.0,0.0
67.0,97.00757764939894,9.228951496026996,0.0,0.0,0.0,0.0,0.0,0.0
68.0,97.72170148608292,9.300857940971994,0.0,0.0,0.0,0.0,0.0,0.0
69.0,177.18393929747222,246.89507290475478,0.0,0.0,0.24475293665245368,0.064,0.8,0.0
70.0,180.0687523487542,246.09378995849215,0.0,0.0,0.24475293665245368,0.064,0.8,0.0
71.0,181.61130737458006,245.56945330036476,0.0,0.0,0.2447529366524537,0.064,0.8,0.0
72.0,191.8251176272668,268.9989926502175,0.0,0.0,0.14668333238647124,0.022,0.4,0.0
73.0,390.25737262019294,971.680542143344,0.0,0.0,0.3295815528818323,0.124,1.2,0.0
74.0,309.7332667374047,957.910013106403,0.0,0.0,0.23748684174075835,0.06,0.4,0.0
75.0,307.7666322490383,958.3068220071157,0.0,0.0,0.23748684174075832,0.06,0.4,0.0
76.0,306.38297386158223,958.6074245482009,0.0,0.0,0.23748684174075838,0.06,0.4,0.0
77.0,336.45582088562315,995.592508789244,238.32672220952213,68.97797680993223,0.29999999999999993,0.1,0.6,0.0
78.0,174.60020253301167,242.0764038179034,0.0,0.0,0.24115555146004827,0.062,0.4,0.0
79.0,174.54175118902234,242.09065164211597,0.0,0.0,0.24115555146004825,0.062,0.4,0.0
80.0,173.82559685092318,242.29897015074098,0.0,0.0,0.24115555146004825,0.062,0.4,0.0
81.0,445.77953329799124,1007.7745819946015,0.0,0.0,0.355099985919459,0.148,0.6,1.0
82.0,642.9361172233114,1302.924923096859,0.0,0.0,0.3969685126052191,0.196,0.6,1.0
83.0,808.4988566788952,1385.4507787329642,0.0,0.0,0.4470167782086037,0.276,0.8,1.0
84.0,830.8601040235454,1382.0000281553357,0.0,0.0,0.4518893669915236,0.286,0.8,1.0
85.0,1059.982834726776,1533.7405476125066,0.0,0.0,0.49787950349457055,0.454,2.0,1.0
86.0,789.3483061049425,1313.0514115990734,214.73996978824772,47.28022705593565,0.48280430818293246,0.37,1.8,0.0
87.0,551.964502642883,1044.71072996904,204.07488760332566,47.151713738593386,0.45093680266751346,0.284,1.6,0.0
88.0,347.93697964695747,889.2213381724895,0.0,0.0,0.37208063642173045,0.166,1.2,0.0
89.0,326.4187799398026,909.9643741505739,174.77228283653807,47.556606332632725,0.37208063642173045,0.166,1.0,0.0
90.0,95.56502389436157,18.85481941908596,0.0,0.0,0.0,0.0,0.0,0.0
91.0,93.13500462112036,8.0136234868767,0.0,0.0,0.0,0.0,0.0,0.0
92.0,146.7892741023716,196.28526707481217,0.0,0.0,0.21794494717703367,0.05,0.2,0.0
93.0,194.17397799589108,228.39843946087453,0.0,0.0,0.38910666917954523,0.186,0.8,0.0
94.0,194.31278689671962,228.34062285080785,0.0,0.0,0.3891066691795451,0.186,0.8,0.0
95.0,194.31709510351746,228.37135517179513,0.0,0.0,0.39071217027371946,0.188,0.8,0.0
96.0,415.36164919262615,1396.1817023449162,0.0,0.0,0.4029689814365369,0.204,0.8,0.0
97.0,1064.994103764121,2580.690083517634,232.98937519631556,66.23151094947649,0.4418642325420785,0.266,1.4,0.0
98.0,1306.0251424852293,2615.7584397097025,0.0,0.0,0.4221089906647335,0.232,1.4,0.0
99.0,1701.277791707864,2637.12025778316,0.0,0.0,0.49146312170904544,0.408,2.2,0.0
100.0,1887.3992143681573,2556.363592211291,0.0,0.0,0.49219508327491446,0.588,3.6,0.0
101.0,1690.9294123213533,2291.925386291615,231.02211026998467,32.65905686198139,0.4877499359302879,0.61,3.6,0.0
102.0,1319.2354573678542,1499.77790025741,0.0,0.0,0.49662460672020675,0.558,3.2,0.0
103.0,1695.4029969155542,1987.7496528999702,234.7220590197736,38.34045760365223,0.48729457210192695,0.612,3.6,0.0
104.0,1550.7700020661018,1994.133852171705,237.92660240271042,40.53904728080748,0.499743934430424,0.516,3.2,0.0
105.0,1541.9093189483606,2033.4389146212905,0.0,0.0,0.4995998398718719,0.48,2.4,0.0
106.0,1752.7763060044058,2002.1633779472136,0.0,0.0,0.4906974628016738,0.596,3.0,0.0
107.0,1585.1298474721605,1836.659095659249,230.66850766054543,32.73588732859386,0.48488761584515644,0.622,3.0,0.0
108.0,1205.6528688874962,1353.8190914054978,0.0,0.0,0.4894854441145313,0.602,2.8,0.0
109.0,1143.430604169302,1195.940696840643,220.86970278786166,21.17885688901863,0.4730285403651665,0.662,3.4,0.0
110.0,1059.6757098649052,1167.1812575130118,0.0,0.0,0.48819668167655544,0.608,3.6,0.0
111.0,826.3912281489825,1105.1611389951208,224.06427554361062,24.206543183598672,0.496141108959941,0.438,2.8,0.0
112.0,658.8759997812155,1013.6974253576374,0.0,0.0,0.47633601585435464,0.348,2.4,0.0
113.0,371.0524274425588,544.957900915025,225.46794569236437,16.26412069863003,0.41692205506545227,0.224,1.6,0.0
114.0,183.27699636419024,312.32477891943927,217.02243487077726,15.776299169911166,0.2551470164434615,0.07,0.6,0.0
115.0,90.44444181896027,7.3657784315383505,0.0,0.0,0.0,0.0,0.0,0.0
116.0,89.61778145599351,5.773679720770216,0.0,0.0,0.0,0.0,0.0,0.0
117.0,129.4810783613059,115.76419619247358,0.0,0.0,0.14,0.02,0.2,0.0
118.0,144.856828624919,131.32153437729485,0.0,0.0,0.13999999999999999,0.02,0.2,0.0
119.0,245.2149085364123,435.0022259470303,0.0,0.0,0.38584452827531457,0.182,1.4,0.0
120.0,252.92116154017606,433.9907230570603,0.0,0.0,0.4014922166119787,0.202,1.4,0.0
121.0,254.12344259393313,433.5448441340623,187.08365339041077,59.544014853586695,0.4000000000000001,0.2,1.4,0.0
122.0,232.84860694975598,436.51903763833303,0.0,0.0,0.3609487498246808,0.154,0.8,0.0
123.0,312.24088010203064,491.16481163559314,0.0,0.0,0.45825756949558394,0.3,1.8,0.0
124.0,280.3000476876801,321.46586212902423,0.0,0.0,0.47163969298607594,0.334,2.0,0.0
125.0,335.00112698833794,344.8671038809286,0.0,0.0,0.49069746280167376,0.404,2.4,0.0
126.0,382.6596131523785,341.1177453034923,0.0,0.0,0.4976906669810074,0.452,2.6,0.0
127.0,378.28197700219266,336.53226483078555,115.76091026896722,15.416872791716957,0.4925484747717732,0.414,2.4,0.0
128.0,285.5752836153795,270.625727627207,0.0,0.0,0.4208325082500163,0.23,1.2,0.0
129.0,217.60251373269895,230.37704604057373,0.0,0.0,0.32260812141048156,0.118,0.6,0.0
130.0,156.37048331179798,155.89969900901758,134.97835338311558,0.2438469013520491,0.1591351626762608,0.026,0.2,0.0
131.0,108.71918573278596,71.16747048308329,0.0,0.0,0.0,0.0,0.0,0.0
132.0,95.32163975014294,7.899352386942112,0.0,0.0,0.0,0.0,0.0,0.0
133.0,94.3709179226459,8.187197356275883,0.0,0.0,0.0,0.0,0.0,0.0
134.0,95.67842143045132,7.467637935862065,0.0,0.0,0.0,0.0,0.0,0.0
135.0,95.52055718132577,7.396516446430399,0.0,0.0,0.0,0.0,0.0,0.0
136.0,124.79637189186192,99.84227311590062,0.0,0.0,0.24828209762284512,0.066,0.6,0.0
137.0,176.60418419210004,179.86451911382323,0.0,0.0,0.38082016753318093,0.176,1.2,0.0
138.0,229.5545271634482,221.08831632763602,0.0,0.0,0.4073082370883261,0.21,1.2,0.0
139.0,256.13292950381515,217.20816056929806,0.0,0.0,0.4221089906647335,0.232,1.4,0.0
140.0,285.3471914419151,208.17863674276242,0.0,0.0,0.38910666917954523,0.186,1.0,0.0
141.0,297.0067933229159,204.61971610835914,0.0,0.0,0.27436472076416824,0.082,0.4,0.0
142.0,293.4798005476954,187.97245329186407,0.0,0.0,0.2649981132008302,0.076,0.4,0.0
143.0,276.9309141841216,157.735448387451,0.0,0.0,0.13999999999999999,0.02,0.2,0.0
144.0,276.2552078120533,165.94274863562563,0.0,0.0,0.2712931993250108,0.08,0.6,0.0
145.0,247.83381831538833,175.14932677500258,131.45129361409016,17.949707985111868,0.30783761953341576,0.106,0.8,0.0
146.0,206.75070232767808,166.01450231553667,0.0,0.0,0.32260812141048156,0.118,0.8,0.0
147.0,158.49973169933784,126.03319325581785,0.0,0.0,0.0,0.0,0.0,0.0
148.0,121.68322976411616,88.91425757219982,0.0,0.0,0.0,0.0,0.0,0.0
149.0,94.4943864523558,7.256487235389494,0.0,0.0,0.0,0.0,0.0,0.0
150.0,93.92942227088372,7.697378304659448,0.0,0.0,0.0,0.0,0.0,0.0
151.0,93.41071681104789,7.742974947440436,0.0,0.0,0.0,0.0,0.0,0.0
152.0,141.87066925460402,200.7616529043983,0.0,0.0,0.23374344910606587,0.058,0.4,0.0
153.0,203.42321172153393,247.2888172061343,0.0,0.0,0.344899985503044,0.138,1.0,0.0
154.0,234.05117117016945,263.0886169482624,0.0,0.0,0.36660605559646725,0.16,1.2,0.0
155.0,255.01423849361558,264.8382057637984,0.0,0.0,0.3825127448857096,0.178,1.4,0.0
156.0,257.33752082613097,264.55758118739055,0.0,0.0,0.3825127448857096,0.178,1.4,0.0
157.0,273.27477822796106,259.0628869115275,0.0,0.0,0.33630343441600474,0.13,0.6,0.0
158.0,212.10848439856625,234.0748464904375,0.0,0.0,0.3295815528818322,0.124,0.6,0.0
159.0,180.7889313766653,213.28280776590694,0.0,0.0,0.289025950392002,0.092,0.4,0.0
160.0,158.95158570016025,203.92965843038036,0.0,0.0,0.32022492095400695,0.116,0.6,0.0
161.0,157.564704327737,203.7237481428443,171.22647521034085,73.60654629492191,0.2551470164434615,0.07,0.4,0.0
162.0,92.07357355597843,8.607692943053863,0.0,0.0,0.0,0.0,0.0,0.0
163.0,91.90229456003355,8.265309834744135,0.0,0.0,0.0,0.0,0.0,0.0
164.0,91.84337747283416,8.3851793916479,0.0,0.0,0.0,0.0,0.0,0.0
165.0,92.05452606256472,7.74934386014761,0.0,0.0,0.0,0.0,0.0,0.0
166.0,91.14534623136785,7.731668308405322,0.0,0.0,0.0,0.0,0.0,0.0
167.0,90.89399214335408,7.9265133292690875,0.0,0.0,0.0,0.0,0.0,0.0
168.0,90.65940774150047,8.541785632557522,0.0,0.0,0.0,0.0,0.0,0.0
169.0,90.80624200243858,8.548220260989256,0.0,0.0,0.0,0.0,0.0,0.0
170.0,90.35545649977642,9.094232379724065,0.0,0.0,0.0,0.0,0.0,0.0
171.0,91.51216269605167,9.420055834972487,0.0,0.0,0.0,0.0,0.0,0.0
172.0,91.71842110669238,9.210559144996154,0.0,0.0,0.0,0.0,0.0,0.0
173.0,91.2807690639006,8.81778809327754,0.0,0.0,0.0,0.0,0.0,0.0
174.0,92.22303923718687,8.670025295130072,0.0,0.0,0.0,0.0,0.0,0.0
175.0,92.64202802475997,7.626560249376128,0.0,0.0,0.0,0.0,0.0,0.0
176.0,91.81071895001314,7.080765949098637,0.0,0.0,0.0,0.0,0.0,0.0
177.0,92.08058256778956,6.962994322861863,0.0,0.0,0.0,0.0,0.0,0.0
178.0,92.43503233043147,6.365112740840417,0.0,0.0,0.0,0.0,0.0,0.0
179.0,91.30842411973613,6.936860135144877,0.0,0.0,0.0,0.0,0.0,0.0
180.0,92.05166653164983,7.239420952677422,0.0,0.0,0.0,0.0,0.0,0.0
181.0,91.64186938618766,7.353276184328626,0.0,0.0,0.0,0.0,0.0,0.0
182.0,91.21950534661201,7.514654125929491,0.0,0.0,0.0,0.0,0.0,0.0
183.0,91.38011566216787,7.896381781695366,0.0,0.0,0.0,0.0,0.0,0.0
184.0,91.53558865822566,7.2506264277843355,0.0,0.0,0.0,0.0,0.0,0.0
185.0,90.51790855544907,7.979227134754004,0.0,0.0,0.0,0.0,0.0,0.0
186.0,90.9612056903262,8.629838756230646,0.0,0.0,0.0,0.0,0.0,0.0
187.0,91.2410981405029,9.273120013583245,0.0,0.0,0.0,0.0,0.0,0.0
188.0,91.15110320796113,9.734995540144284,0.0,0.0,0.0,0.0,0.0,0.0
189.0,91.30060216573725,9.861153529667709,0.0,0.0,0.0,0.0,0.0,0.0
190.0,91.9228108882721,9.130211310827965,0.0,0.0,0.0,0.0,0.0,0.0
191.0,92.58373222513538,8.877724285475503,0.0,0.0,0.0,0.0,0.0,0.0
192.0,92.79328560709425,8.161391895308453,0.0,0.0,0.0,0.0,0.0,0.0
193.0,94.0421174569231,8.12718106783886,0.0,0.0,0.0,0.0,0.0,0.0
194.0,94.48801564456996,7.847801070215283,0.0,0.0,0.0,0.0,0.0,0.0
195.0,93.91192510311718,8.233771922424058,0.0,0.0,0.0,0.0,0.0,0.0
196.0,93.95524244353776,8.140227654367482,0.0,0.0,0.0,0.0,0.0,0.0
197.0,94.694952783788,7.853306006730371,0.0,0.0,0.0,0.0,0.0,0.0
198.0,94.09827624945392,8.048305216552114,0.0,0.0,0.0,0.0,0.0,0.0
199.0,94.23891636052143,8.342722717013208,0.0,0.0,0.0,0.0,0.0,0.0
200.0,95.4240195977711,8.212739641616148,0.0,0.0,0.0,0.0,0.0,0.0
201.0,94.68560909193795,8.780196050208753,0.0,0.0,0.0,0.0,0.0,0.0
202.0,94.02491709705524,8.555905244435145,0.0,0.0,0.0,0.0,0.0,0.0
203.0,93.36342265172955,7.7878940945536455,0.0,0.0,0.0,0.0,0.0,0.0
204.0,92.510325694805,8.080533587644652,0.0,0.0,0.0,0.0,0.0,0.0
205.0,92.20680219596719,8.900121619854483,0.0,0.0,0.0,0.0,0.0,0.0
206.0,91.77580756627913,8.819707060448978,0.0,0.0,0.0,0.0,0.0,0.0
207.0,91.77901187769379,8.998425817303591,0.0,0.0,0.0,0.0,0.0,0.0
208.0,92.14799603196303,9.590426731365788,0.0,0.0,0.0,0.0,0.0,0.0
209.0,92.87192512305182,9.24708659846832,0.0,0.0,0.0,0.0,0.0,0.0
210.0,91.90993014354991,8.51265537608521,0.0,0.0,0.0,0.0,0.0,0.0
211.0,94.54474694606863,10.914878669860233,0.0,0.0,0.0,0.0,0.0,0.0
212.0,93.9453068897285,11.053074269618204,0.0,0.0,0.0,0.0,0.0,0.0
213.0,93.54445590498698,11.169304198920408,0.0,0.0,0.0,0.0,0.0,0.0
214.0,95.38040358431353,16.798065913749657,0.0,0.0,0.0,0.0,0.0,0.0
215.0,99.9272417929089,40.12646236182709,0.0,0.0,0.0,0.0,0.0,0.0
216.0,97.72722399147735,39.825009134934575,0.0,0.0,0.0,0.0,0.0,0.0
217.0,98.0331427765343,39.79192084482942,0.0,0.0,0.0,0.0,0.0,0.0
218.0,98.3065649474897,39.76457786586998,0.0,0.0,0.0,0.0,0.0,0.0
219.0,96.01883626974866,38.098992972651956,0.0,0.0,0.0,0.0,0.0,0.0
220.0,91.51535148399024,9.149049447908329,0.0,0.0,0.0,0.0,0.0,0.0
221.0,92.08931320152044,9.417421808969564,0.0,0.0,0.0,0.0,0.0,0.0
222.0,92.08899988535296,9.394061296574726,0.0,0.0,0.0,0.0,0.0,0.0
223.0,91.78299095236355,8.624267267270232,0.0,0.0,0.0,0.0,0.0,0.0
224.0,91.41818452076143,7.632710408479891,0.0,0.0,0.0,0.0,0.0,0.0
225.0,91.67628896412658,7.777665042414399,0.0,0.0,0.0,0.0,0.0,0.0
226.0,90.42040171494838,7.1709542284385135,0.0,0.0,0.0,0.0,0.0,0.0
227.0,118.71958907195841,68.36236914601875,0.0,0.0,0.0,0.0,0.0,0.0
228.0,122.24032403510158,67.45920499138725,0.0,0.0,0.0,0.0,0.0,0.0
229.0,122.5198882905839,67.3476889527506,0.0,0.0,0.0,0.0,0.0,0.0
230.0,122.39972719793359,67.39443809865425,0.0,0.0,0.0,0.0,0.0,0.0
231.0,147.63935048194963,105.82325639601486,0.0,0.0,0.15913516267626085,0.026,0.2,0.0
232.0,144.93689174806747,106.31411508659048,0.0,0.0,0.15913516267626082,0.026,0.2,0.0
233.0,180.9943769165252,128.3292643329494,0.0,0.0,0.21794494717703364,0.05,0.4,0.0
234.0,203.35635499292013,147.97747087092006,0.0,0.0,0.25514701644346144,0.07,0.6,0.0
235.0,204.65374895386893,146.98229609910317,0.0,0.0,0.25514701644346144,0.07,0.6,0.0
236.0,180.39756511497538,132.83069483769333,0.0,0.0,0.20509509989270833,0.044,0.4,0.0
237.0,155.289448356933,127.87082487394355,0.0,0.0,0.20509509989270833,0.044,0.4,0.0
238.0,116.0079411719651,96.7532855671325,0.0,0.0,0.13999999999999996,0.02,0.2,0.0
239.0,95.36395416903254,8.481655134352662,0.0,0.0,0.0,0.0,0.0,0.0
240.0,94.98942311290139,9.650800776884429,0.0,0.0,0.0,0.0,0.0,0.0
241.0,94.83204321345245,9.714342759308765,0.0,0.0,0.0,0.0,0.0,0.0
242.0,95.66742188491096,9.728092935515901,0.0,0.0,0.0,0.0,0.0,0.0
243.0,96.28567224963872,9.135462271230415,0.0,0.0,0.0,0.0,0.0,0.0
244.0,95.26273093015898,9.68901856547637,0.0,0.0,0.0,0.0,0.0,0.0
245.0,94.26328613192382,9.259667429181219,0.0,0.0,0.0,0.0,0.0,0.0
246.0,94.23122907208293,9.494573315316496,0.0,0.0,0.0,0.0,0.0,0.0
247.0,93.48018404584087,9.199400296345987,0.0,0.0,0.0,0.0,0.0,0.0
248.0,93.1205430401035,9.308457007084533,0.0,0.0,0.0,0.0,0.0,0.0
249.0,93.26398557163608,8.08799246111318,0.0,0.0,0.0,0.0,0.0,0.0
250.0,94.44876442462736,9.29526516262754,0.0,0.0,0.0,0.0,0.0,0.0
251.0,94.81948623242086,9.803614598258218,0.0,0.0,0.0,0.0,0.0,0.0
252.0,94.81650350612657,9.671156818631246,0.0,0.0,0.0,0.0,0.0,0.0
253.0,94.91078228072345,9.544993110653872,0.0,0.0,0.0,0.0,0.0,0.0
254.0,95.77834696647052,9.976288315844892,0.0,0.0,0.0,0.0,0.0,0.0
255.0,97.64920271349934,11.057233557859774,0.0,0.0,0.0,0.0,0.0,0.0
256.0,97.67043514335624,10.794509692293158,0.0,0.0,0.0,0.0,0.0,0.0
257.0,98.08525312159595,10.471570318011366,0.0,0.0,0.0,0.0,0.0,0.0
258.0,98.46449471051352,10.582247048952798,0.0,0.0,0.0,0.0,0.0,0.0
259.0,98.83877846659628,11.118469324506467,0.0,0.0,0.0,0.0,0.0,0.0
260.0,96.90827316993168,8.750730287484812,0.0,0.0,0.0,0.0,0.0,0.0
261.0,96.15211140949862,9.411872144000082,0.0,0.0,0.0,0.0,0.0,0.0
262.0,95.36327598788506,9.705639762457707,0.0,0.0,0.0,0.0,0.0,0.0
263.0,94.03193936857933,9.606811849548091,0.0,0.0,0.0,0.0,0.0,0.0
264.0,91.69634003716926,8.415321370283674,0.0,0.0,0.0,0.0,0.0,0.0
265.0,90.91931122629086,8.266106074139536,0.0,0.0,0.0,0.0,0.0,0.0
266.0,94.39696016400846,13.488726350251458,0.0,0.0,0.0,0.0,0.0,0.0
267.0,94.14940867333814,13.800192355391141,0.0,0.0,0.0,0.0,0.0,0.0
268.0,94.31182043385063,13.741565408538886,0.0,0.0,0.0,0.0,0.0,0.0
269.0,94.96916659987296,13.486121844340783,0.0,0.0,0.0,0.0,0.0,0.0
270.0,94.35814131168279,13.78231723736098,0.0,0.0,0.0,0.0,0.0,0.0
271.0,90.86295337259216,8.132010437311612,0.0,0.0,0.0,0.0,0.0,0.0
272.0,90.72377953408702,8.060055610113759,0.0,0.0,0.0,0.0,0.0,0.0
273.0,90.5593279327653,7.917945753504627,0.0,0.0,0.0,0.0,0.0,0.0
274.0,89.98503095708804,8.02339575172925,0.0,0.0,0.0,0.0,0.0,0.0
275.0,90.28803822766723,8.338467353570298,0.0,0.0,0.0,0.0,0.0,0.0
276.0,96.75324247352964,39.36161154732037,0.0,0.0,0.0,0.0,0.0,0.0
277.0,105.39769728530734,47.30640211300815,0.0,0.0,0.0,0.0,0.0,0.0
278.0,105.59976538202964,47.35134632115363,0.0,0.0,0.0,0.0,0.0,0.0
279.0,297.0088113762608,633.322349039912,0.0,0.0,0.2584879107424562,0.072,0.4,0.0
280.0,576.7712737897888,1006.6908385606852,0.0,0.0,0.39696851260521915,0.196,1.0,0.0
281.0,987.5803633195619,1391.4614372097553,0.0,0.0,0.4672429774753174,0.322,1.8,0.0
282.0,1068.6409164281092,1359.6338218685196,0.0,0.0,0.49787950349457055,0.454,2.8,0.0
283.0,1169.4486214697251,1323.5241771639728,0.0,0.0,0.4980602373207483,0.456,2.8,0.0
284.0,1085.005342830956,1350.095748933103,0.0,0.0,0.4877499359302879,0.39,2.6,0.0
285.0,1253.9720949911236,1685.357131015621,229.65707067666935,45.371207605057926,0.48333839077813795,0.372,2.6,0.0
286.0,1109.4219427766843,1623.4560586880846,0.0,0.0,0.48488761584515644,0.378,2.8,0.0
287.0,1198.477350182653,1665.8603641377895,0.0,0.0,0.4775939698111775,0.352,2.6,0.0
288.0,1178.1284238450671,1671.4547636757943,210.84998531344655,64.17892591513731,0.4921950832749145,0.412,3.0,0.0
289.0,1069.3188313900946,1629.7387668487454,218.13135424942274,59.47515249877367,0.4788152044369519,0.356,2.8,0.0
290.0,624.366137032014,1081.784684762908,197.0605253945294,51.3978280042163,0.45649096376598736,0.296,2.6,0.0
291.0,347.2418183088962,634.6930271888945,170.5191922088183,55.90611710487509,0.34489998550304407,0.138,1.2,0.0
292.0,171.93279791468086,273.5899378841145,0.0,0.0,0.22992172581119863,0.056,0.6,0.0
293.0,100.78227532781199,48.489135778982856,0.0,0.0,0.15304901175767194,0.024,0.2,0.0
294.0,134.30683878357024,102.66627560310886,0.0,0.0,0.1530490117576719,0.024,0.2,0.0
295.0,157.34711178291687,137.7145292132657,0.0,0.0,0.2584879107424562,0.072,0.4,0.0
296.0,177.68996688841563,185.20527926015833,0.0,0.0,0.30000000000000004,0.1,0.6,0.0
297.0,357.5876451003456,503.8193834942384,0.0,0.0,0.4330127018922193,0.25,1.2,0.0
298.0,535.9728867757625,640.722907088558,0.0,0.0,0.48438001610305936,0.376,2.0,0.0
299.0,579.635558040194,654.7954161970488,0.0,0.0,0.4963869458396343,0.44,2.4,0.0
300.0,557.0092464340564,662.8912862382775,0.0,0.0,0.48863483297857513,0.394,2.2,0.0
301.0,536.715254063141,662.9445413438905,217.86642237522466,34.216521528779246,0.48114862568649197,0.364,2.0,0.0
302.0,356.61071303837883,530.6998520007387,204.1342868520277,36.279180820066706,0.41151427678757396,0.216,1.2,0.0
303.0,171.9328290012931,250.32323710457763,218.81243669529496,8.472959492103229,0.24475293665245362,0.064,0.4,0.0
304.0,94.81778161855765,9.774861299543213,0.0,0.0,0.0,0.0,0.0,0.0
305.0,95.2261415191041,9.187338741565329,0.0,0.0,0.0,0.0,0.0,0.0
306.0,98.7739042851146,18.140465186234398,0.0,0.0,0.0,0.0,0.0,0.0
307.0,422.90347106864033,960.9507341980794,0.0,0.0,0.34698703145794946,0.14,0.8,0.0
308.0,585.1857738383698,1004.1108357628062,0.0,0.0,0.42829429134649927,0.242,1.8,0.0
309.0,618.8478238066174,1001.5402868521837,0.0,0.0,0.4555919226676434,0.294,2.0,0.0
310.0,617.8657240603411,1002.0488172089916,0.0,0.0,0.4573794923255742,0.298,2.0,0.0
311.0,615.9007364120719,1002.9598188780511,0.0,0.0,0.4573794923255741,0.298,2.0,0.0
312.0,292.5344411809258,455.6722827605948,213.96528283946742,13.421767754863193,0.34698703145794946,0.14,1.2,0.0
313.0,130.27807171050125,166.82644410632926,172.5550925406261,39.26470654348152,0.21794494717703367,0.05,0.2,0.0
314.0,98.60642447913249,11.618877485634151,0.0,0.0,0.0,0.0,0.0,0.0
315.0,99.2082116531543,11.485010421957028,0.0,0.0,0.0,0.0,0.0,0.0
316.0,99.35865685554268,10.005177476848939,0.0,0.0,0.0,0.0,0.0,0.0
317.0,112.95145358844412,55.606729223886546,0.0,0.0,0.0,0.0,0.0,0.0
318.0,112.97167495118087,55.70656363452484,0.0,0.0,0.0,0.0,0.0,0.0
319.0,111.21542466069735,55.92293584360906,0.0,0.0,0.0,0.0,0.0,0.0
320.0,110.68108677487675,56.1124946287496,0.0,0.0,0.0,0.0,0.0,0.0
321.0,109.90839616579774,56.36503697197075,0.0,0.0,0.0,0.0,0.0,0.0
322.0,393.9202513862926,1357.1435327535178,0.0,0.0,0.2179449471770337,0.05,0.4,0.0
323.0,714.5694344413855,1611.0717227865964,0.0,0.0,0.3026483107502832,0.102,0.6,0.0
324.0,940.1776181888564,1686.9818253637243,0.0,0.0,0.38910666917954523,0.186,1.4,0.0
325.0,943.5224000121727,1685.502288311525,0.0,0.0,0.38910666917954523,0.186,1.4,0.0
326.0,942.7930704907488,1685.8683481747569,0.0,0.0,0.38910666917954523,0.186,1.4,0.0
327.0,644.2728154634852,1152.4300312025741,0.0,0.0,0.34278856457005674,0.136,1.0,0.0
328.0,323.0663546253736,727.7156474845649,0.0,0.0,0.277387815161373,0.084,0.8,0.0
329.0,97.30197016380042,26.361310978944278,0.0,0.0,0.0,0.0,0.0,0.0
330.0,93.33846071955378,7.635472945597686,0.0,0.0,0.0,0.0,0.0,0.0
331.0,93.16267973464439,7.489706671200429,0.0,0.0,0.0,0.0,0.0,0.0
332.0,92.90629999634379,7.613288337595281,0.0,0.0,0.0,0.0,0.0,0.0
333.0,91.9537700695417,7.528493142729574,0.0,0.0,0.0,0.0,0.0,0.0
334.0,91.17265490558756,7.211042848523241,0.0,0.0,0.0,0.0,0.0,0.0
335.0,91.07374475253341,7.309465981921559,0.0,0.0,0.0,0.0,0.0,0.0
336.0,97.52840534611614,54.35629211594345,0.0,0.0,0.16497272501841026,0.028,0.2,0.0
337.0,114.97238627918922,69.97639929701317,0.0,0.0,0.0,0.0,0.0,0.0
338.0,117.29194003482272,69.4510992791055,0.0,0.0,0.0,0.0,0.0,0.0
339.0,585.9789611638987,1843.6234381427234,0.0,0.0,0.22601769842204833,0.054,0.4,0.0
340.0,1168.2890958945213,2230.8073967530377,0.0,0.0,0.4128873938497033,0.218,1.4,0.0
341.0,1501.8232140216962,2318.611759259528,0.0,0.0,0.4775939698111775,0.352,1.8,0.0
342.0,1576.472692416563,2296.8743536029615,0.0,0.0,0.49030194778320024,0.402,2.4,0.0
343.0,1944.34546142873,2359.0361946085523,0.0,0.0,0.4992153843783262,0.528,3.2,0.0
344.0,1581.301396318515,1849.6502654955684,230.6594630446584,14.40553686791696,0.49897494927100305,0.532,2.8,0.0
345.0,1491.5915660746828,1876.616696856122,228.46638232505722,13.49364898554338,0.4996758949559204,0.518,2.8,0.0
346.0,1417.9525387241006,1777.9262723313525,0.0,0.0,0.4999639987039067,0.494,2.6,0.0
347.0,1515.998484743654,1818.3178499923981,229.27433570584995,20.416655583618,0.4963869458396342,0.56,2.6,0.0
348.0,1434.5833786654123,1776.395029480635,0.0,0.0,0.4987023160162784,0.536,2.4,0.0
349.0,1531.4420579779464,1830.2416280943783,215.2700100411634,45.164491731005015,0.4963869458396343,0.56,2.6,0.0
350.0,1335.7170301271872,1663.5639268114396,0.0,0.0,0.4999839997439918,0.496,2.4,0.0
351.0,1243.0640722363835,1614.9358347811296,210.6180874543836,47.403110122270284,0.49909918853871116,0.47,2.6,0.0
352.0,1272.274628523269,1576.8387208910233,0.0,0.0,0.4999639987039067,0.494,2.8,0.0
353.0,987.1140432675758,1395.103665294836,0.0,0.0,0.4921950832749145,0.412,2.4,0.0
354.0,918.9744040319398,1320.4098116798434,0.0,0.0,0.48170945600019105,0.366,2.4,0.0
355.0,815.9461258436336,1086.6789883801832,220.45264210486934,17.044957257248278,0.48226133993924913,0.368,2.0,0.0
356.0,661.2692952531197,1050.3041133118522,0.0,0.0,0.4418642325420785,0.266,1.2,0.0
357.0,450.51940862988397,900.8722468086148,0.0,0.0,0.3684508108282569,0.162,0.8,0.0
358.0,448.27645205878497,901.6780272634845,0.0,0.0,0.3702755730533679,0.164,0.8,0.0
359.0,313.1585481047032,691.1776102361907,224.5803498731357,11.916930114867972,0.32728580781940425,0.122,0.4,0.0
360.0,139.3361976798729,122.05526405191239,0.0,0.0,0.19595917942265426,0.04,0.4,0.0
361.0,137.34724709692279,91.04456281817008,0.0,0.0,0.17058722109231975,0.03,0.2,0.0
362.0,531.8314424481982,2166.894781329117,0.0,0.0,0.2803640490505157,0.086,1.0,0.0
363.0,1298.357611807025,3006.807844258962,0.0,0.0,0.4258591316386206,0.238,1.4,0.0
364.0,1363.5404806463018,2992.731388316199,0.0,0.0,0.44701677820860364,0.276,1.8,0.0
365.0,1342.9089562426118,3000.629180266601,221.63859637338675,53.02800045533728,0.45912525524087644,0.302,2.0,0.0
366.0,1326.491535809195,3006.9655705818545,0.0,0.0,0.4470167782086037,0.276,1.8,0.0
367.0,921.9182429551397,2235.0982612617213,219.32483249703654,52.18231740722653,0.42585913163862066,0.238,1.4,0.0
368.0,156.3007350286059,233.32175543684258,150.51267343239525,64.5599797923307,0.24115555146004827,0.062,0.6,0.0
369.0,110.2117599192347,39.57487797692104,0.0,0.0,0.0,0.0,0.0,0.0
370.0,275.43396814474926,742.9389539506276,0.0,0.0,0.20948508300115307,0.046,0.4,0.0
371.0,557.8165593434519,1004.9646588439854,0.0,0.0,0.39542888108988705,0.194,1.4,0.0
372.0,728.3720054752422,1039.1614843253574,0.0,0.0,0.4805788176771839,0.362,2.4,0.0
373.0,830.6127931973384,1212.8932094355337,0.0,0.0,0.4894854441145313,0.398,2.6,0.0
374.0,1031.5313634705083,1255.7971840299256,0.0,0.0,0.4998559792580259,0.512,3.2,0.0
375.0,863.2672745963005,1128.7794017719273,210.39724401765042,29.33192559728885,0.4944936804449578,0.426,2.8,0.0
376.0,586.1413986914938,994.4989076800005,201.20995063432437,34.64112871009989,0.44395945760846217,0.27,1.6,0.0
377.0,416.8469809847385,933.4574332449179,0.0,0.0,0.3226081214104815,0.118,0.8,0.0
378.0,310.3569649722557,629.7292499765089,0.0,0.0,0.3026483107502832,0.102,0.6,0.0
379.0,110.97272509631787,39.31767800839006,0.0,0.0,0.0,0.0,0.0,0.0
380.0,111.56749533265722,40.01702501269232,0.0,0.0,0.0,0.0,0.0,0.0
381.0,115.04696411677529,42.00613344032495,0.0,0.0,0.0,0.0,0.0,0.0
382.0,219.78127878509022,348.15832422134525,0.0,0.0,0.3202249209540069,0.116,0.2,0.0
383.0,407.44574098980996,627.8735714690217,0.0,0.0,0.4155911452377204,0.222,1.0,0.0
384.0,422.53031250679425,624.9335681670341,0.0,0.0,0.41151427678757396,0.216,1.0,0.0
385.0,421.15193395047277,625.5892396650153,0.0,0.0,0.4115142767875739,0.216,1.0,0.0
386.0,416.61702962101975,627.697237207928,182.71223598220848,60.880740039234084,0.4142463035441596,0.22,1.0,0.0
387.0,611.0716612325585,1116.6918994490693,178.89210911064643,55.401541596481174,0.35108973211986705,0.144,1.2,0.0
388.0,427.5284492511603,1023.6620112462186,0.0,0.0,0.23374344910606584,0.058,0.6,0.0
389.0,400.8960233334505,1028.3707704045096,0.0,0.0,0.23374344910606587,0.058,0.6,0.0
390.0,400.99733605126494,1028.3400166267422,0.0,0.0,0.23374344910606584,0.058,0.6,0.0
391.0,400.2780863354035,1028.5580335660563,193.3122230259845,48.31907565013748,0.23374344910606581,0.058,0.6,0.0
392.0,100.87118591684867,36.799704321136986,0.0,0.0,0.0,0.0,0.0,0.0
393.0,93.49109462364723,9.286350002397453,0.0,0.0,0.0,0.0,0.0,0.0
394.0,92.79647920950241,9.05958429706247,0.0,0.0,0.0,0.0,0.0,0.0
395.0,103.151000124888,53.46087197373676,0.0,0.0,0.13999999999999999,0.02,0.2,0.0
396.0,106.35623189746445,54.27812676357564,0.0,0.0,0.0,0.0,0.0,0.0
397.0,105.83417224924624,54.34992200091078,0.0,0.0,0.0,0.0,0.0,0.0
398.0,109.45108341120276,59.616594609322895,0.0,0.0,0.0,0.0,0.0,0.0
399.0,118.73018367555369,70.73859561309226,0.0,0.0,0.0,0.0,0.0,0.0
400.0,114.25996810600297,93.63245404894062,0.0,0.0,0.0,0.0,0.0,0.0
401.0,710.3082667374779,1505.5725099318365,0.0,0.0,0.3469870314579494,0.14,0.6,0.0
402.0,1078.9418524739128,1676.987137153787,0.0,0.0,0.43067853440820564,0.246,1.6,0.0
403.0,1361.916737110976,1783.835103164077,0.0,0.0,0.48000000000000004,0.36,2.4,0.0
404.0,1548.028294206102,1753.04551519687,0.0,0.0,0.5,0.5,3.2,0.0
405.0,1591.761576622585,1728.9121990451195,205.5428855306516,61.32312619469581,0.4999959999839998,0.498,3.6,0.0
406.0,1040.978332169092,1312.618002991227,182.0686270885374,61.574989283981935,0.49614110895994107,0.438,3.2,0.0
407.0,675.7670325281683,1072.5694090771979,0.0,0.0,0.4672429774753174,0.322,2.2,0.0
408.0,399.8289674147496,623.5037925970848,126.82455055763961,45.10845892307692,0.4014922166119787,0.202,1.4,0.0
409.0,261.8628718726571,287.18046808390386,0.0,0.0,0.4375339986789598,0.258,1.6,0.0
410.0,258.0102903072809,268.4875367935474,129.55783588488012,30.64500256393289,0.4633098315382483,0.312,1.6,0.0
411.0,233.7841426444399,181.69716424137076,0.0,0.0,0.375632799419859,0.17,0.8,0.0
412.0,269.28781464558654,176.4123645507803,0.0,0.0,0.3738662862575335,0.168,0.8,0.0
413.0,292.10536545747937,167.9967577857024,0.0,0.0,0.19595917942265423,0.04,0.2,0.0
414.0,282.5234182644739,166.24906560821273,0.0,0.0,0.24475293665245368,0.064,0.4,0.0
415.0,277.8284516901944,151.12910598816097,0.0,0.0,0.13999999999999999,0.02,0.2,0.0
416.0,296.75015202141327,157.54840181151746,0.0,0.0,0.13999999999999996,0.02,0.2,0.0
417.0,261.09765555062916,169.42332408220102,0.0,0.0,0.4058768286069063,0.208,1.2,0.0
418.0,229.0484200936706,173.92343335322425,0.0,0.0,0.38418745424597095,0.18,1.0,0.0
419.0,182.74745125066437,143.805152258306,0.0,0.0,0.2551470164434615,0.07,0.4,0.0
420.0,143.25488151733128,112.57372414428632,0.0,0.0,0.2551470164434615,0.07,0.4,0.0
421.0,110.2511329643421,31.020175079105677,0.0,0.0,0.0,0.0,0.0,0.0
422.0,109.70654889857309,31.14684147315184,0.0,0.0,0.0,0.0,0.0,0.0
423.0,108.53224365186287,31.670272532283146,0.0,0.0,0.0,0.0,0.0,0.0
424.0,107.37223444234155,32.3701345812611,0.0,0.0,0.0,0.0,0.0,0.0
425.0,105.38315058428812,32.941092976544425,0.0,0.0,0.0,0.0,0.0,0.0
426.0,91.44407164198606,8.67752857240413,0.0,0.0,0.0,0.0,0.0,0.0
427.0,91.31351040614554,8.730617539033325,0.0,0.0,0.0,0.0,0.0,0.0
428.0,91.50758192867777,8.640540297987954,0.0,0.0,0.0,0.0,0.0,0.0
429.0,91.81900505259368,7.59151501792776,0.0,0.0,0.0,0.0,0.0,0.0
430.0,92.78866845102627,8.596450056318751,0.0,0.0,0.0,0.0,0.0,0.0
431.0,93.35702882571829,8.407628359947584,0.0,0.0,0.0,0.0,0.0,0.0
432.0,93.35948544777679,8.376420247061422,0.0,0.0,0.0,0.0,0.0,0.0
433.0,93.37120006714342,8.490993457986196,0.0,0.0,0.0,0.0,0.0,0.0
434.0,92.67233690532812,8.524948404211955,0.0,0.0,0.0,0.0,0.0,0.0
435.0,143.53127218440875,142.84077088852356,0.0,0.0,0.32496153618543844,0.12,0.6,0.0
436.0,197.3580005655081,185.25357959787985,0.0,0.0,0.4044304637388237,0.206,1.2,0.0
437.0,238.37732377261693,194.34639159843306,0.0,0.0,0.41692205506545227,0.224,1.4,0.0
438.0,286.3058854099809,261.2693205380931,0.0,0.0,0.44079927404658914,0.264,1.6,0.0
439.0,287.2282256834806,260.5987136329278,148.810441223685,52.415706476167536,0.43972263985380605,0.262,1.6,0.0
440.0,236.55284488257774,249.37129793854683,148.41603551075426,59.944938038362395,0.37738044464439324,0.172,1.2,0.0
441.0,182.50718222520925,228.95680539446957,0.0,0.0,0.2861817604250837,0.09,0.6,0.0
442.0,140.9999521956748,210.8688181040949,0.0,0.0,0.25514701644346144,0.07,0.4,0.0
443.0,92.59670909380579,9.58413064577064,0.0,0.0,0.0,0.0,0.0,0.0
444.0,92.11574349763634,9.53727240656538,0.0,0.0,0.0,0.0,0.0,0.0
445.0,90.2666072138946,7.76358879522598,0.0,0.0,0.0,0.0,0.0,0.0
446.0,89.892560836233,8.118245663525729,0.0,0.0,0.0,0.0,0.0,0.0
447.0,334.12567304019035,927.9532466629504,0.0,0.0,0.28036404905051576,0.086,0.6,0.0
448.0,574.7300614800562,1192.2678248169393,0.0,0.0,0.39696851260521915,0.196,1.4,0.0
449.0,787.298648764314,1228.4868512871456,0.0,0.0,0.4608296865437382,0.306,2.2,0.0
450.0,979.8496873164493,1230.1082194462824,0.0,0.0,0.49728864857344174,0.448,2.6,0.0
451.0,1179.3050310455658,1336.9057867738277,0.0,0.0,0.49897494927100305,0.532,3.0,0.0
452.0,1190.8836117761175,1173.81334421068,228.62649922315978,26.004735164145423,0.4950757517794625,0.57,3.6,0.0
453.0,1072.498732864752,1071.2951881520316,0.0,0.0,0.49535441857320706,0.568,3.8,0.0
454.0,1008.2494290701399,1075.3056033987853,0.0,0.0,0.49897494927100305,0.532,3.4,0.0
455.0,855.4344767283727,1062.724197554991,0.0,0.0,0.4985539088203,0.462,3.4,0.0
456.0,681.6811997636854,839.3092250439313,204.95670922152334,24.779813844585334,0.48863483297857513,0.394,2.8,0.0
457.0,427.67094419994277,639.2023807844492,194.4127043485515,36.87394730015431,0.4546823066713724,0.292,2.0,0.0
458.0,331.5178842440222,481.06461071900833,0.0,0.0,0.37563279941985894,0.17,1.2,0.0
459.0,189.91829669061167,256.3067091713828,199.84795268418915,7.863600269678245,0.29182871688714945,0.094,0.6,0.0
460.0,190.2325666215882,230.46975982904127,180.69268831819625,35.301575104128254,0.251745903640953,0.068,0.4,0.0
461.0,197.8555346235044,226.62842178408215,0.0,0.0,0.19119623427253998,0.038,0.2,0.0
462.0,254.5684955109121,250.8006169246266,0.0,0.0,0.19119623427253998,0.038,0.2,0.0
463.0,268.4936268536539,205.58020266022444,0.0,0.0,0.44079927404658914,0.264,1.6,0.0
464.0,318.1844284408409,204.8919721500012,0.0,0.0,0.289025950392002,0.092,0.6,0.0
465.0,295.73321639301736,209.60469827312377,0.0,0.0,0.3469870314579494,0.14,1.0,0.0
466.0,552.9642196378068,1448.4152520323994,157.59947711413585,76.8532552505074,0.4537620521815371,0.29,1.8,0.0
467.0,1434.8132417723061,2727.2893079310506,0.0,0.0,0.4573794923255742,0.298,1.8,0.0
468.0,1853.1033619710536,2921.5249607476458,0.0,0.0,0.4555919226676434,0.294,2.2,0.0
469.0,2019.5217393411492,2919.5810889925415,0.0,0.0,0.47820915925983687,0.354,2.4,0.0
470.0,2031.9031295635443,2928.025196602526,0.0,0.0,0.4782091592598368,0.354,2.4,0.0
471.0,2381.989102623115,2848.052838318589,254.74137431515888,36.885761515970884,0.4999839997439918,0.504,3.2,0.0
472.0,1895.619162860106,2221.8191722732518,233.44328219802307,31.675037478720135,0.4995157655169654,0.522,3.2,0.0
473.0,1609.1956514458923,1970.7049599539582,222.12205037335568,36.569110822357516,0.4985539088203,0.538,2.6,0.0
474.0,1573.7277495883043,1925.4526839851267,0.0,0.0,0.49985597925802594,0.512,2.6,0.0
475.0,1546.4544280007003,1923.1098443424448,217.57007418113747,40.560761564665135,0.4999959999839998,0.498,2.4,0.0
476.0,908.0918410286655,1371.7923004246431,208.9113337644132,39.418223349389926,0.47021271782034996,0.33,1.6,0.0
477.0,457.56284517283945,813.9814983940157,0.0,0.0,0.3702755730533679,0.164,0.6,0.0
478.0,276.13962370483347,551.1817126714368,0.0,0.0,0.2094850830011531,0.046,0.2,0.0
479.0,310.8815135478405,710.2092278959954,0.0,0.0,0.2861817604250837,0.09,0.8,0.0
480.0,676.9696874400964,1240.0481945398692,0.0,0.0,0.39849215801568794,0.198,1.4,0.0
481.0,853.4652626699909,1252.5449288399127,0.0,0.0,0.46082968654373824,0.306,2.0,0.0
482.0,891.1481434905127,1234.9549436593245,0.0,0.0,0.4822613399392491,0.368,2.6,0.0
483.0,910.8015150736528,1224.2437970923643,0.0,0.0,0.4822613399392491,0.368,2.6,0.0
484.0,696.2681210305519,1118.9183768407995,197.43015568212883,39.36174722939124,0.44801339265696066,0.278,1.8,0.0
485.0,323.5250634275818,460.6762808854612,175.7924033972962,43.006015935814084,0.3295815528818322,0.124,0.6,0.0
486.0,149.56189701973113,131.35335032458056,0.0,0.0,0.0,0.0,0.0,0.0
487.0,111.30245185952366,72.00761652577329,0.0,0.0,0.0,0.0,0.0,0.0
488.0,164.63843561872764,209.2297507916544,0.0,0.0,0.3295815528818323,0.124,0.8,0.0
489.0,179.38995028293743,212.400745848043,0.0,0.0,0.33849076796864047,0.132,0.8,0.0
490.0,179.09146100819098,212.49678461130202,0.0,0.0,0.33849076796864047,0.132,0.8,0.0
491.0,179.02651677359023,212.5297255897686,0.0,0.0,0.33849076796864047,0.132,0.8,0.0
492.0,197.35465671914193,213.62225239740877,119.80329179499309,19.500376812300768,0.3363034344160047,0.13,0.8,0.0
493.0,126.23696826929849,80.13365781454435,0.0,0.0,0.0,0.0,0.0,0.0
494.0,111.43255656569951,60.52169451400621,0.0,0.0,0.0,0.0,0.0,0.0
495.0,111.28057567431496,60.55825700639034,0.0,0.0,0.0,0.0,0.0,0.0
496.0,231.20383938138875,625.2127730327024,0.0,0.0,0.18629009635512028,0.036,0.2,0.0
497.0,390.76678049003823,849.5694654735402,0.0,0.0,0.28329489935401236,0.088,0.6,0.0
498.0,546.5001076731679,1120.1816535884338,0.0,0.0,0.32496153618543844,0.12,0.8,0.0
499.0,555.2852195388153,1117.712205986277,0.0,0.0,0.32496153618543844,0.12,0.8,0.0
500.0,555.4726587027789,1117.6358440893453,0.0,0.0,0.32496153618543844,0.12,0.8,0.0
501.0,435.19589597301484,969.5050950333329,0.0,0.0,0.2773878151613729,0.084,0.6,0.0
502.0,257.6992190879595,790.8881200482047,0.0,0.0,0.17599999999999996,0.032,0.2,0.0
503.0,113.58071100453652,68.7006807684181,0.0,0.0,0.0,0.0,0.0,0.0
504.0,152.7946797652947,140.44254081417668,0.0,0.0,0.2299217258111986,0.056,0.6,0.0
505.0,153.8837998310447,140.01734619422425,0.0,0.0,0.2299217258111986,0.056,0.6,0.0
506.0,553.4639777387421,1350.2036875442463,0.0,0.0,0.3907121702737195,0.188,1.4,0.0
507.0,1089.2519366038641,1972.8864873304037,0.0,0.0,0.4537620521815371,0.29,2.4,0.0
508.0,1284.2169564415924,1958.67366876296,0.0,0.0,0.4843800161030593,0.376,3.2,0.0
509.0,1593.8674110255222,2123.4200709252545,0.0,0.0,0.4950757517794625,0.43,3.0,0.0
510.0,1970.9699116350848,2158.900378240309,0.0,0.0,0.4925484747717731,0.586,3.4,0.0
511.0,1839.6646600132967,1977.5672766885143,0.0,0.0,0.49942366784124287,0.524,3.0,0.0
512.0,1373.6512009097726,1587.7205595351652,203.4422670431855,46.189882735971146,0.49909918853871116,0.47,2.6,0.0
513.0,1167.5665341242911,1622.7489711898609,0.0,0.0,0.4932301693935601,0.418,2.2,0.0
514.0,824.5920126876409,1314.7292452153195,184.81121031687584,55.34160382181242,0.4330127018922193,0.25,1.2,0.0
515.0,448.24241361392126,844.8399897346242,0.0,0.0,0.32496153618543844,0.12,1.0,0.0
516.0,180.05261307282115,190.22973816205635,0.0,0.0,0.22601769842204833,0.054,0.6,0.0
517.0,120.45372605537344,56.261096840525994,0.0,0.0,0.0,0.0,0.0,0.0
518.0,149.07691279737642,86.96959299765392,0.0,0.0,0.11749042514179614,0.014,0.2,0.0
519.0,282.29654277114764,615.3697750408194,0.0,0.0,0.2551470164434615,0.07,0.4,0.0
520.0,303.4601802306464,621.1424505769305,0.0,0.0,0.3026483107502832,0.102,0.6,0.0
521.0,303.4741810795881,621.1341926575674,0.0,0.0,0.3026483107502833,0.102,0.6,0.0
522.0,294.34071879367974,623.1035071054002,0.0,0.0,0.30264831075028326,0.102,0.6,0.0
523.0,286.47119731828315,623.4624841855747,0.0,0.0,0.3026483107502832,0.102,0.6,0.0
524.0,142.58413877975724,133.91216216664066,117.6472597795444,2.374399321984039,0.1649727250184102,0.028,0.0,0.0
525.0,119.74855139221283,61.00781449155283,0.0,0.0,0.0,0.0,0.0,0.0
526.0,154.38701953132224,129.39247187710117,0.0,0.0,0.0,0.0,0.0,0.0
527.0,165.58841342332104,137.12584907528745,0.0,0.0,0.0,0.0,0.0,0.0
528.0,276.69054423711964,554.6826206697639,0.0,0.0,0.3052605444534226,0.104,0.6,0.0
529.0,293.2311225391932,556.869575245241,0.0,0.0,0.30526054445342266,0.104,0.6,0.0
530.0,293.79865745232553,556.6652719216144,0.0,0.0,0.30526054445342266,0.104,0.6,0.0
531.0,259.0278089004958,553.6719435301821,0.0,0.0,0.30526054445342266,0.104,0.6,0.0
532.0,248.18200885463074,553.6058224851837,0.0,0.0,0.30526054445342266,0.104,0.6,0.0
533.0,113.57876183364678,85.57531279055866,0.0,0.0,0.0,0.0,0.0,0.0
534.0,111.20597606221047,52.453071305802666,0.0,0.0,0.0,0.0,0.0,0.0
535.0,163.2497690330851,140.01715316357536,0.0,0.0,0.29731464814233427,0.098,0.8,0.0
536.0,208.2825775417416,163.38432542508238,0.0,0.0,0.35310621631458144,0.146,1.2,0.0
537.0,267.6234241230779,212.66237839673408,0.0,0.0,0.4182391660282428,0.226,1.8,0.0
538.0,285.7349782913818,207.89221610022804,0.0,0.0,0.4029689814365369,0.204,1.6,0.0
539.0,269.6295198283304,214.81189901453888,0.0,0.0,0.4182391660282428,0.226,1.8,0.0
540.0,217.41213547909567,201.32039695887778,104.5976709121455,9.66227312215758,0.368450810828257,0.162,1.6,0.0
541.0,171.60834420958003,185.2749872723175,106.43395230215879,9.609146709726623,0.23374344910606584,0.058,0.6,0.0
542.0,147.14605789001234,166.9633109216345,0.0,0.0,0.22601769842204833,0.054,0.4,0.0
543.0,198.11234342649556,229.4404975111457,0.0,0.0,0.39849215801568794,0.198,1.2,0.0
544.0,217.52595664459898,229.2940369273317,0.0,0.0,0.4142463035441596,0.22,1.4,0.0
545.0,250.5699386280614,239.34557221309882,0.0,0.0,0.43972263985380605,0.262,1.6,0.0
546.0,250.64651975588006,239.29580986052576,0.0,0.0,0.43972263985380605,0.262,1.6,0.0
547.0,522.3854148575928,817.84132075266,198.32105090461786,66.55957338287057,0.449973332543163,0.282,1.8,0.0
548.0,581.1676632127457,859.3258459401121,0.0,0.0,0.4306785344082057,0.246,1.6,0.0
549.0,815.6389798720451,1007.410742203242,228.98288688309583,31.30494441677719,0.481148625686492,0.364,2.6,0.0
550.0,902.9564370435008,1002.8559791667292,0.0,0.0,0.4944936804449578,0.426,3.2,0.0
551.0,992.3030384829259,973.7872647989769,218.8672444582771,36.36228275338019,0.49884266056543325,0.534,4.2,0.0
552.0,685.1860416664408,780.443366047767,208.42636613581922,35.222355112993455,0.4968541033341679,0.444,3.4,0.0
553.0,558.4132787043142,766.01210054194,208.47598930377572,32.73485263872994,0.47233886141201636,0.336,2.6,0.0
554.0,303.4705055408962,435.7138406483234,0.0,0.0,0.40872484632084705,0.212,1.8,0.0
555.0,181.86755680193144,294.1627753698312,165.79830681415868,55.23334310111026,0.3295815528818322,0.124,1.0,0.0
556.0,94.4163493852312,8.619167800501897,0.0,0.0,0.0,0.0,0.0,0.0
557.0,94.35033843671481,8.646316277854716,0.0,0.0,0.0,0.0,0.0,0.0
558.0,93.70052360605979,9.815028886865429,0.0,0.0,0.0,0.0,0.0,0.0
559.0,94.03178756195523,8.425101088820242,0.0,0.0,0.0,0.0,0.0,0.0
560.0,92.7029378597443,7.9176308711821575,0.0,0.0,0.0,0.0,0.0,0.0
561.0,138.969570563002,127.55580615494797,0.0,0.0,0.13999999999999999,0.02,0.2,0.0
562.0,150.61175388457877,136.99969629034877,0.0,0.0,0.13999999999999999,0.02,0.2,0.0
563.0,151.38601520024676,136.59855045486813,0.0,0.0,0.13999999999999999,0.02,0.2,0.0
564.0,152.222016275463,136.27598667669278,0.0,0.0,0.13999999999999999,0.02,0.2,0.0
565.0,152.8401426618679,136.00150713179715,0.0,0.0,0.13999999999999996,0.02,0.2,0.0
566.0,161.78623051546026,161.63780782102208,0.0,0.0,0.3103804117530616,0.108,0.8,0.0
567.0,218.9611943673777,254.3590904704914,0.0,0.0,0.41692205506545227,0.224,1.4,0.0
568.0,286.8289886644046,292.77131310607365,0.0,0.0,0.46249324319388707,0.31,1.8,0.0
569.0,340.3849887071428,296.0235284970369,0.0,0.0,0.48906441293555597,0.396,2.4,0.0
570.0,393.1641396437419,281.5624816473935,0.0,0.0,0.471639692986076,0.334,2.0,0.0
571.0,377.6210951743088,276.6793186607805,112.02294726927317,15.585693343114492,0.4352975993501457,0.254,1.4,0.0
572.0,352.7052906738991,229.30839728086747,114.13097207870761,21.870613801132944,0.32496153618543844,0.12,0.6,0.0
573.0,317.43903569868087,185.43639679649866,0.0,0.0,0.0,0.0,0.0,0.0
574.0,280.30994880184784,169.52815285362396,0.0,0.0,0.17058722109231977,0.03,0.2,0.0
575.0,226.95938415256492,158.7698516777597,0.0,0.0,0.0,0.0,0.0,0.0
576.0,186.95556124770692,138.03636055769948,0.0,0.0,0.0,0.0,0.0,0.0
577.0,143.13884682310047,97.34054980932903,0.0,0.0,0.0,0.0,0.0,0.0
578.0,109.7533751472038,67.5680220409574,0.0,0.0,0.0,0.0,0.0,0.0
579.0,112.09159073817897,87.87464909895982,0.0,0.0,0.0,0.0,0.0,0.0
580.0,134.6451089829393,115.26736729065945,0.0,0.0,0.19595917942265426,0.04,0.2,0.0
581.0,178.23546568918408,176.56417594018035,0.0,0.0,0.3684508108282569,0.162,0.8,0.0
582.0,196.52104687404383,185.73065833670938,0.0,0.0,0.4029689814365369,0.204,1.0,0.0
583.0,196.5967887504166,185.7006122657683,0.0,0.0,0.4029689814365369,0.204,1.0,0.0
584.0,177.12857270427747,173.5164773626009,0.0,0.0,0.38748419322599476,0.184,0.8,0.0
585.0,153.58065929627185,163.0353501137747,0.0,0.0,0.35108973211986705,0.144,0.6,0.0
586.0,111.27496866701314,81.0033635501137,224.20624289832938,0.5352416329483024,0.1959591794226542,0.04,0.2,0.0
587.0,93.95701735447409,8.933436493504754,0.0,0.0,0.0,0.0,0.0,0.0
588.0,94.20640000768512,8.609158644026227,0.0,0.0,0.0,0.0,0.0,0.0
589.0,94.25853127060807,8.782437338819665,0.0,0.0,0.0,0.0,0.0,0.0
590.0,96.34739142253777,8.284554932284276,0.0,0.0,0.0,0.0,0.0,0.0
591.0,95.49645510612815,7.412887168765829,0.0,0.0,0.0,0.0,0.0,0.0
592.0,95.40005665402245,7.7792929061103075,0.0,0.0,0.0,0.0,0.0,0.0
593.0,96.04497708494371,7.628427581414299,0.0,0.0,0.0,0.0,0.0,0.0
594.0,95.55015456728641,8.01839083894846,0.0,0.0,0.0,0.0,0.0,0.0
595.0,94.02259785564759,7.822324436851034,0.0,0.0,0.0,0.0,0.0,0.0
596.0,93.9364504901951,7.708012229043181,0.0,0.0,0.0,0.0,0.0,0.0
597.0,93.23079313332346,6.672432128314106,0.0,0.0,0.0,0.0,0.0,0.0
598.0,92.42313113579075,6.951576094293014,0.0,0.0,0.0,0.0,0.0,0.0
599.0,93.2332402185385,6.677480921640421,0.0,0.0,0.0,0.0,0.0,0.0
600.0,93.1636448221232,6.3079830651881625,0.0,0.0,0.0,0.0,0.0,0.0
601.0,93.08080933625705,7.0687133457262465,0.0,0.0,0.0,0.0,0.0,0.0
602.0,92.56653461777722,7.555500731575207,0.0,0.0,0.0,0.0,0.0,0.0
603.0,92.60432417019666,7.82709535045552,0.0,0.0,0.0,0.0,0.0,0.0
604.0,91.95683474456092,7.563246942003862,0.0,0.0,0.0,0.0,0.0,0.0
605.0,92.05819712845467,7.963601007400339,0.0,0.0,0.0,0.0,0.0,0.0
606.0,91.8030511424083,8.326133245505883,0.0,0.0,0.0,0.0,0.0,0.0
607.0,91.94866363626399,7.715349026921904,0.0,0.0,0.0,0.0,0.0,0.0
608.0,91.72758639349232,7.4079098256183755,0.0,0.0,0.0,0.0,0.0,0.0
609.0,91.96228923110402,7.635406408967281,0.0,0.0,0.0,0.0,0.0,0.0
610.0,92.10365875202679,7.3418672083271606,0.0,0.0,0.0,0.0,0.0,0.0
611.0,92.05179631728012,6.444357353588464,0.0,0.0,0.0,0.0,0.0,0.0
612.0,92.25111557733021,7.70549395537628,0.0,0.0,0.0,0.0,0.0,0.0
613.0,92.85552452728422,7.3662279027840105,0.0,0.0,0.0,0.0,0.0,0.0
614.0,92.86582732348822,7.510242702871787,0.0,0.0,0.0,0.0,0.0,0.0
615.0,93.46113698543057,8.197157541363275,0.0,0.0,0.0,0.0,0.0,0.0
616.0,93.49103237324469,8.42494215798593,0.0,0.0,0.0,0.0,0.0,0.0
617.0,93.37847465374364,7.394556780471171,0.0,0.0,0.0,0.0,0.0,0.0
618.0,93.0455313943337,8.196429509674445,0.0,0.0,0.0,0.0,0.0,0.0
619.0,92.94712339956811,8.055739692597474,0.0,0.0,0.0,0.0,0.0,0.0
620.0,92.51669659746133,8.176394255959657,0.0,0.0,0.0,0.0,0.0,0.0
621.0,93.21246900818971,8.808749803346174,0.0,0.0,0.0,0.0,0.0,0.0
622.0,93.40718984289269,9.29526070612583,0.0,0.0,0.0,0.0,0.0,0.0
623.0,93.42618044100466,8.43978044258992,0.0,0.0,0.0,0.0,0.0,0.0
624.0,93.37788536960484,8.473046051359873,0.0,0.0,0.0,0.0,0.0,0.0
625.0,93.10218556235853,7.632213295849159,0.0,0.0,0.0,0.0,0.0,0.0
626.0,92.67832507907355,7.359154340076,0.0,0.0,0.0,0.0,0.0,0.0
627.0,92.33032783305372,6.904824556071202,0.0,0.0,0.0,0.0,0.0,0.0
628.0,325.84105089786146,730.6288961087854,0.0,0.0,0.33630343441600474,0.13,0.6,0.0
629.0,465.151889544872,796.6900402310814,0.0,0.0,0.41151427678757396,0.216,1.2,0.0
630.0,466.326557851191,796.1420770368821,0.0,0.0,0.41151427678757396,0.216,1.2,0.0
631.0,626.7168695573582,844.0922453996036,0.0,0.0,0.4750410508577127,0.344,2.0,0.0
632.0,916.3316958087223,946.4635497637338,0.0,0.0,0.4994236678412428,0.524,3.0,0.0
633.0,860.3141181790303,806.8256652411161,0.0,0.0,0.49749371855331,0.55,3.2,0.0
634.0,809.8720458130389,786.5510596254414,0.0,0.0,0.49449368044495773,0.574,3.6,0.0
635.0,1076.7658929755287,993.9368956044879,215.9117928390408,22.53071542954422,0.46330983153824834,0.688,4.2,0.0
636.0,1004.1486998995732,993.3284685290276,213.3844843348338,22.130172892491554,0.48488761584515644,0.622,3.8,0.0
637.0,811.0781121612778,933.5967874507874,210.18795752983854,25.42319118628766,0.4983974317750845,0.46,2.8,0.0
638.0,693.8331341059949,895.2707286749047,213.05685977187795,25.47035693632694,0.47941214002150595,0.358,2.0,0.0
639.0,605.732844976095,907.508137394812,0.0,0.0,0.43863424398922624,0.26,1.4,0.0
640.0,337.9480776769811,452.2074606890328,201.16669342789174,45.73196743035035,0.3406523154185217,0.134,1.0,0.0
641.0,249.9873474369962,392.765969712302,0.0,0.0,0.2973146481423342,0.098,0.8,0.0
642.0,177.60375388068343,196.75549200068835,0.0,0.0,0.24475293665245368,0.064,0.4,0.0
643.0,167.18498908316502,161.55052466166512,0.0,0.0,0.2712931993250107,0.08,0.6,0.0
644.0,170.9251028212714,161.59180858697184,0.0,0.0,0.2712931993250108,0.08,0.6,0.0
645.0,171.09517955087753,161.52778101231178,0.0,0.0,0.2712931993250107,0.08,0.6,0.0
646.0,171.2491152528223,161.48518125242285,0.0,0.0,0.2712931993250108,0.08,0.6,0.0
647.0,147.4928124752033,128.29721618689334,0.0,0.0,0.22601769842204833,0.054,0.4,0.0
648.0,96.32065020298006,24.46115832234079,0.0,0.0,0.0,0.0,0.0,0.0
649.0,92.56454267292452,7.862373285162578,0.0,0.0,0.0,0.0,0.0,0.0
650.0,93.14935929575022,8.315885201916856,0.0,0.0,0.0,0.0,0.0,0.0
651.0,93.10010028276258,8.573521511241667,0.0,0.0,0.0,0.0,0.0,0.0
652.0,92.60099555174183,8.591594118262098,0.0,0.0,0.0,0.0,0.0,0.0
653.0,93.28456220186996,9.000358290827865,0.0,0.0,0.0,0.0,0.0,0.0
654.0,93.15310786669788,9.037795242641373,0.0,0.0,0.0,0.0,0.0,0.0
655.0,92.54173104929191,8.700676642520897,0.0,0.0,0.0,0.0,0.0,0.0
656.0,92.60637242019527,8.102169377601468,0.0,0.0,0.0,0.0,0.0,0.0
657.0,93.53053407897002,8.475522626452804,0.0,0.0,0.0,0.0,0.0,0.0
658.0,94.01187898036552,8.436506416348019,0.0,0.0,0.0,0.0,0.0,0.0
659.0,96.26457565449898,9.563800521155198,0.0,0.0,0.0,0.0,0.0,0.0
660.0,98.58873008899819,11.261171309293704,0.0,0.0,0.0,0.0,0.0,0.0
661.0,100.8695797504833,12.323912774991813,0.0,0.0,0.0,0.0,0.0,0.0
662.0,101.25525610264614,12.050314530958206,0.0,0.0,0.0,0.0,0.0,0.0
663.0,100.64894872313879,12.139437980692017,0.0,0.0,0.0,0.0,0.0,0.0
664.0,99.47035232094544,11.725269901870174,0.0,0.0,0.0,0.0,0.0,0.0
665.0,99.0706175494571,10.51205933347161,0.0,0.0,0.0,0.0,0.0,0.0
666.0,97.404523357673,8.499845455959486,0.0,0.0,0.0,0.0,0.0,0.0
667.0,96.618343177271,9.26234888156371,0.0,0.0,0.0,0.0,0.0,0.0
668.0,97.72072929804308,9.072099946064041,0.0,0.0,0.0,0.0,0.0,0.0
669.0,96.527831289758,9.226758562509543,0.0,0.0,0.0,0.0,0.0,0.0
670.0,94.69312339148537,8.006453777598235,0.0,0.0,0.0,0.0,0.0,0.0
671.0,94.80895336104925,8.315097257457772,0.0,0.0,0.0,0.0,0.0,0.0
672.0,94.55257671173268,7.284711756859072,0.0,0.0,0.0,0.0,0.0,0.0
673.0,93.1703285320844,7.635106174954222,0.0,0.0,0.0,0.0,0.0,0.0
674.0,94.21629924618523,7.7562510159654705,0.0,0.0,0.0,0.0,0.0,0.0
675.0,94.5118877528652,7.694666787624565,0.0,0.0,0.0,0.0,0.0,0.0
676.0,93.76476168797592,7.35594330308927,0.0,0.0,0.0,0.0,0.0,0.0
677.0,126.65944340648356,79.82399347206496,0.0,0.0,0.15913516267626082,0.026,0.4,1.0
678.0,136.08687312457457,78.56961003322033,0.0,0.0,0.0,0.0,0.0,1.0
679.0,137.1849600500692,78.06466763160404,0.0,0.0,0.0,0.0,0.0,1.0
680.0,144.67301956202957,87.47857004002057,0.0,0.0,0.0,0.0,0.0,1.0
681.0,173.47177407608078,98.61163088058598,0.0,0.0,0.0,0.0,0.0,1.0
682.0,179.0846334691963,107.09327432132923,0.0,0.0,0.0,0.0,0.0,0.0
683.0,203.7900796688718,135.4031102078224,0.0,0.0,0.0,0.0,0.0,0.0
684.0,203.59624483978945,135.52461689873618,0.0,0.0,0.0,0.0,0.0,0.0
685.0,196.57635785391759,132.90260101640155,0.0,0.0,0.0,0.0,0.0,0.0
686.0,167.9645487978011,129.74964064625135,0.0,0.0,0.0,0.0,0.0,0.0
687.0,129.78116890674647,104.97927430224598,0.0,0.0,0.0,0.0,0.0,0.0
688.0,96.0503441023959,8.584033804691868,0.0,0.0,0.0,0.0,0.0,0.0
689.0,94.22264278726658,8.12157624452495,0.0,0.0,0.0,0.0,0.0,0.0
690.0,92.56132141413724,8.359048450269214,0.0,0.0,0.0,0.0,0.0,0.0
691.0,92.09069903130526,8.456747363013255,0.0,0.0,0.0,0.0,0.0,0.0
692.0,91.42044294844938,8.375957805481182,0.0,0.0,0.0,0.0,0.0,0.0
693.0,90.52793313363803,8.579317169552656,0.0,0.0,0.0,0.0,0.0,0.0
694.0,91.06092688931494,9.480286621281707,0.0,0.0,0.0,0.0,0.0,0.0
695.0,92.7910735712519,9.580429158661524,0.0,0.0,0.0,0.0,0.0,0.0
696.0,94.08970386812219,9.516803216910173,0.0,0.0,0.0,0.0,0.0,0.0
697.0,95.92878975679851,9.538304617678309,0.0,0.0,0.0,0.0,0.0,0.0
698.0,95.96745937770392,9.20425424161596,0.0,0.0,0.0,0.0,0.0,0.0
699.0,95.18416880747826,8.85108831944154,0.0,0.0,0.0,0.0,0.0,0.0
700.0,93.82203494930118,8.825683925204764,0.0,0.0,0.0,0.0,0.0,0.0
701.0,92.66358146562156,8.84678188850108,0.0,0.0,0.0,0.0,0.0,0.0
702.0,91.24855715556359,7.397577637059825,0.0,0.0,0.0,0.0,0.0,0.0
703.0,91.15047377396156,7.223551848217594,0.0,0.0,0.0,0.0,0.0,0.0
704.0,90.5003664756843,7.329681633345404,0.0,0.0,0.0,0.0,0.0,0.0
705.0,90.82785161321651,7.356247249453802,0.0,0.0,0.0,0.0,0.0,0.0
706.0,91.15142308177592,7.096821003310438,0.0,0.0,0.0,0.0,0.0,0.0
707.0,91.11220484299189,7.362616662134519,0.0,0.0,0.0,0.0,0.0,0.0
708.0,91.38372114845427,7.717383430978111,0.0,0.0,0.0,0.0,0.0,0.0
709.0,92.02878086717774,7.5881788386525395,0.0,0.0,0.0,0.0,0.0,0.0
710.0,92.20931218905622,7.31370434490969,0.0,0.0,0.0,0.0,0.0,0.0
711.0,92.6714544552893,7.371609993966516,0.0,0.0,0.0,0.0,0.0,0.0
712.0,94.31596487268398,8.75447407861513,0.0,0.0,0.0,0.0,0.0,0.0
713.0,96.2046301910548,11.518902914783585,0.0,0.0,0.0,0.0,0.0,0.0
714.0,173.15401096499775,413.621516200021,0.0,0.0,0.20948508300115307,0.046,0.2,0.0
715.0,409.0234537422132,826.5240183454705,0.0,0.0,0.3363034344160048,0.13,0.8,0.0
716.0,479.2082650091073,825.9846100192693,0.0,0.0,0.4221089906647335,0.232,1.6,0.0
717.0,477.38133578463606,826.8192316966469,0.0,0.0,0.42210899066473345,0.232,1.6,0.0
718.0,475.1155681413683,827.8286714914293,0.0,0.0,0.4221089906647335,0.232,1.6,0.0
719.0,399.1894965546338,752.0872269429307,0.0,0.0,0.3738662862575335,0.168,1.2,0.0
720.0,161.18347062337594,202.51645152864353,177.92811225334293,56.614018317348,0.29182871688714934,0.094,0.8,0.0
721.0,91.51238886484867,7.5768563584066335,0.0,0.0,0.0,0.0,0.0,0.0
722.0,91.5306573749818,7.68783120992551,0.0,0.0,0.0,0.0,0.0,0.0
723.0,114.1295355291798,130.53200715273726,0.0,0.0,0.2005891323078097,0.042,0.0,0.0
724.0,151.6865235968752,247.05567537695907,0.0,0.0,0.23748684174075835,0.06,0.2,0.0
725.0,151.15681249321005,247.19075280034065,0.0,0.0,0.23748684174075835,0.06,0.2,0.0
726.0,150.49183938429664,247.33102134772324,0.0,0.0,0.23748684174075832,0.06,0.2,0.0
727.0,290.5953622218587,636.8988899370077,0.0,0.0,0.3226081214104815,0.118,0.4,0.0
728.0,507.37328164587564,812.3593628972716,0.0,0.0,0.40296898143653687,0.204,1.2,0.0
729.0,602.488570840643,828.527887154283,0.0,0.0,0.4656994739099455,0.318,1.8,0.0
730.0,751.9231407488219,812.5498834177844,0.0,0.0,0.49974393443042403,0.516,2.4,0.0
731.0,818.883567514124,778.0757531459083,0.0,0.0,0.4868305660083393,0.614,3.0,0.0
732.0,683.6803397375647,635.8753397221493,222.5986849830366,13.454523751698922,0.4993235424051224,0.526,2.6,0.0
733.0,444.8144698660807,476.8669738085478,0.0,0.0,0.4817094560001911,0.366,1.6,0.0
734.0,312.53290294801025,373.2120882454524,211.02249704166223,8.810633109114926,0.4418642325420785,0.266,0.8,0.0
735.0,168.59612982704883,186.17648302938596,0.0,0.0,0.24475293665245368,0.064,0.6,0.0
736.0,142.61436736800584,124.00414549356219,0.0,0.0,0.3052605444534226,0.104,0.6,0.0
737.0,138.15799380293666,121.15723194159347,0.0,0.0,0.3052605444534226,0.104,0.6,0.0
738.0,138.44309286811745,121.06254761233436,0.0,0.0,0.3052605444534226,0.104,0.6,0.0
739.0,404.16281505209764,1064.1623278537168,0.0,0.0,0.38082016753318093,0.176,1.2,0.0
740.0,686.8297777026023,1360.9786642496003,206.7228711466828,48.86997773660473,0.452831094338717,0.288,1.4,0.0
741.0,857.0000678413344,1516.3942762336992,0.0,0.0,0.4687472666586974,0.326,1.4,0.0
742.0,1078.7445934929158,1525.376242648683,0.0,0.0,0.49749371855331004,0.45,2.2,0.0
743.0,1241.147853794917,1490.138424194726,0.0,0.0,0.4950757517794625,0.57,3.0,0.0
744.0,1132.004420516485,1348.6343581796575,212.70333001684037,33.54610122397243,0.49614110895994096,0.562,2.6,0.0
745.0,1260.7684610483886,1832.6751380985017,0.0,0.0,0.49993599590347565,0.508,2.6,0.0
746.0,1374.7883850028936,1919.0147035167004,235.0314170728808,50.756814891278786,0.4996758949559204,0.482,2.4,1.0
747.0,1367.716393542687,1999.109403159233,239.00362106884756,60.333361917723856,0.49387852757535433,0.422,2.0,1.0
748.0,1433.6913664183828,2021.9174913198137,0.0,0.0,0.4985539088203,0.462,2.2,1.0
749.0,1438.006740320577,1963.8988278377813,222.5551667738525,62.74266528932045,0.4998039615689336,0.514,2.4,1.0
750.0,1099.5229720311386,1408.0312782276615,217.0049397428156,61.3908757387296,0.4999639987039066,0.506,2.4,1.0
751.0,868.4681591083396,1128.7457711340792,0.0,0.0,0.4976906669810074,0.452,2.4,0.0
752.0,738.8515327843417,909.4709909269251,181.4938039617169,54.208302993559435,0.49707544698969,0.446,2.4,0.0
753.0,511.13698134854064,752.5729113545773,161.63373014660496,57.995731856257784,0.44899888641287294,0.28,1.6,0.0
754.0,349.6049914618701,562.7417815349078,0.0,0.0,0.380820167533181,0.176,1.0,0.0
755.0,271.43572517758827,478.4664016834904,0.0,0.0,0.2973146481423342,0.098,0.8,0.0
756.0,207.58330211588,275.2884662141025,139.5515216721331,57.43828504486424,0.22992172581119863,0.056,0.6,0.0
757.0,137.81689252580586,97.18772778512799,0.0,0.0,0.0,0.0,0.0,0.0
758.0,140.72585509127364,98.76266103390891,0.0,0.0,0.0,0.0,0.0,0.0
759.0,143.8313369487675,97.9944105072755,0.0,0.0,0.0,0.0,0.0,0.0
760.0,146.36780884522423,97.17679964231783,0.0,0.0,0.0,0.0,0.0,0.0
761.0,118.9698515785048,64.07095245680271,0.0,0.0,0.0,0.0,0.0,0.0
762.0,104.22271551543551,28.03283019558565,0.0,0.0,0.0,0.0,0.0,0.0
763.0,102.5456949578227,15.806781698308907,0.0,0.0,0.0,0.0,0.0,0.0
764.0,264.0004591178411,647.9020367183259,0.0,0.0,0.2411555514600483,0.062,0.2,0.0
765.0,295.4955263200946,649.9648458326299,0.0,0.0,0.24115555146004827,0.062,0.2,0.0
766.0,507.8150682707203,852.0903907242714,0.0,0.0,0.3984921580156879,0.198,0.6,0.0
767.0,570.8260677248035,863.8825459267356,0.0,0.0,0.44079927404658914,0.264,0.6,0.0
768.0,953.4073171394652,1543.6679059549263,0.0,0.0,0.4756931784249171,0.346,1.0,0.0
769.0,1068.5681224497328,1642.6610904633822,0.0,0.0,0.48280430818293246,0.37,1.4,0.0
770.0,1050.7016718649766,1649.7429010493784,0.0,0.0,0.48280430818293246,0.37,1.4,0.0
771.0,838.9757650889943,1626.7795367606727,238.38196757127818,47.778123689655835,0.42337217669563504,0.234,1.0,0.0
772.0,960.7340577945413,1840.426219005822,0.0,0.0,0.4000000000000001,0.2,1.2,0.0
773.0,1201.4372486144048,1974.5796468844642,234.44983052091328,51.08327107130065,0.423372176695635,0.234,1.6,0.0
774.0,1214.214497893963,2078.2411490395557,0.0,0.0,0.41288739384970335,0.218,1.4,0.0
775.0,1330.5994708214564,2061.56569230239,0.0,0.0,0.46249324319388707,0.31,1.8,0.0
776.0,1332.7569962359119,2060.5743522670964,0.0,0.0,0.4687472666586974,0.326,2.0,0.0
777.0,1141.9834388581903,1910.0699070379094,222.15951790629208,45.04429506603413,0.4555919226676434,0.294,1.8,0.0
778.0,525.1293447811564,1205.8267702099372,203.08839003207527,37.845352594636225,0.3858445282753145,0.182,0.8,0.0
779.0,231.93933575784,436.92224749995444,173.1786045053471,46.72391721083558,0.28618176042508364,0.09,0.4,0.0
780.0,99.80798229022956,36.007040694053806,0.0,0.0,0.0,0.0,0.0,0.0
781.0,97.35935986507778,7.669048251514145,0.0,0.0,0.0,0.0,0.0,0.0
782.0,98.59005022929891,8.426456412181977,0.0,0.0,0.0,0.0,0.0,0.0
783.0,110.53632772900261,48.04639547298181,0.0,0.0,0.0,0.0,0.0,0.0
784.0,151.27899855006163,118.65404852639483,0.0,0.0,0.14,0.02,0.2,0.0
785.0,288.3139134007364,447.4424297260425,0.0,0.0,0.3103804117530615,0.108,0.6,0.0
786.0,287.0832290539193,447.96436197796373,0.0,0.0,0.3103804117530615,0.108,0.6,0.0
787.0,285.3675748409386,448.6828258286399,0.0,0.0,0.3103804117530615,0.108,0.6,0.0
788.0,273.32604857727404,450.9012998473771,0.0,0.0,0.3103804117530614,0.108,0.6,0.0
789.0,232.70669869344758,448.82805136796173,152.9765459492853,50.88412576164956,0.31038041175306147,0.108,0.6,0.0
790.0,115.38403130893644,66.20022244165555,0.0,0.0,0.0,0.0,0.0,0.0
791.0,139.31024064469585,90.2867216982043,0.0,0.0,0.0,0.0,0.0,0.0
792.0,139.26502399038878,90.2381961752644,0.0,0.0,0.0,0.0,0.0,0.0
793.0,137.2386156662492,91.14154142921423,0.0,0.0,0.0,0.0,0.0,0.0
794.0,247.18493189120287,282.0454492397832,0.0,0.0,0.3773804446443933,0.172,0.4,0.0
795.0,227.97907017609424,283.4256749607375,0.0,0.0,0.3773804446443933,0.172,0.4,0.0
796.0,221.4792020229856,283.76544671802475,0.0,0.0,0.35509998591945907,0.148,0.2,0.0
797.0,256.9763838699394,373.1120883614318,0.0,0.0,0.3791094828674165,0.174,0.4,0.0
798.0,649.004941995085,1013.2876565102449,0.0,0.0,0.4730285403651666,0.338,1.2,0.0
799.0,780.5404163480283,1175.261721893823,0.0,0.0,0.43416126036301306,0.252,1.4,0.0
800.0,828.4394712110582,1166.4408754571639,0.0,0.0,0.4672429774753174,0.322,1.8,0.0
801.0,1018.977520069165,1256.13442519019,0.0,0.0,0.4963869458396343,0.44,2.6,0.0
802.0,1051.5127016392616,1229.3081414573019,228.01759148670615,69.30465630896514,0.49707544698969,0.446,2.6,0.0
803.0,804.0756471156249,1003.0319484779718,0.0,0.0,0.4843800161030593,0.376,2.2,0.0
804.0,608.4303947331252,815.3922970120403,179.32911289749362,54.515269745292244,0.48538644398046393,0.38,2.4,0.0
805.0,699.6533884016553,866.58229280141,168.3851760658733,55.554726433892654,0.4968541033341679,0.444,3.0,0.0
806.0,490.7334088305786,652.5697098036437,0.0,0.0,0.466476151587624,0.32,2.2,0.0
807.0,422.6219283043607,639.5466484651575,0.0,0.0,0.4499733325431631,0.282,2.0,0.0
808.0,277.91108940037645,481.0977667803026,146.8548894068827,51.358809259520825,0.39230090491866065,0.19,1.2,0.0
809.0,232.47683088188234,464.9624862015989,165.3002706353369,51.69255685657927,0.3406523154185217,0.134,1.0,0.0
810.0,93.03872627699472,11.79017930089252,0.0,0.0,0.0,0.0,0.0,0.0
811.0,93.30206148682907,10.530976049176475,0.0,0.0,0.0,0.0,0.0,0.0
812.0,93.20350561723762,10.964871803784591,0.0,0.0,0.0,0.0,0.0,0.0
813.0,130.10138962379918,116.64308526225783,0.0,0.0,0.26177089219391836,0.074,0.4,0.0
814.0,141.42122461307176,120.09236653757154,0.0,0.0,0.2617708921939183,0.074,0.4,0.0
815.0,141.01057765199238,120.13288228698235,0.0,0.0,0.2617708921939183,0.074,0.4,0.0
816.0,140.7664890738929,120.2884206990145,0.0,0.0,0.2617708921939183,0.074,0.4,0.0
817.0,156.1789963809708,143.01933091388833,0.0,0.0,0.30526054445342266,0.104,0.6,0.0
818.0,188.1010079042812,196.79493830021715,0.0,0.0,0.33849076796864047,0.132,1.0,0.0
819.0,244.6184669727594,231.41774391000334,0.0,0.0,0.4418642325420785,0.266,1.8,0.0
820.0,288.15875723055086,239.0963212616795,0.0,0.0,0.4608296865437382,0.306,2.0,0.0
821.0,330.3234260424969,241.89237039469876,0.0,0.0,0.4782091592598368,0.354,2.2,0.0
822.0,362.15030535398853,257.97415548461294,0.0,0.0,0.41424630354415964,0.22,1.4,0.0
823.0,372.79700852393324,253.15038524987412,0.0,0.0,0.3609487498246808,0.154,0.8,0.0
824.0,327.5157068003629,254.06115905804225,0.0,0.0,0.41288739384970335,0.218,1.2,0.0
825.0,333.2215943134003,286.69119270065573,0.0,0.0,0.48,0.36,1.8,0.0
826.0,333.9528246235311,291.52002672811585,0.0,0.0,0.4898979485566356,0.4,2.0,0.0
827.0,286.2299238797628,271.67271136057707,169.3839510106889,59.102248950798064,0.4788152044369519,0.356,2.0,0.0
828.0,205.80657777320525,238.05335530133775,209.51017693619954,44.487261831048855,0.41559114523772045,0.222,1.0,0.0
829.0,182.64046397576945,232.00335470810154,0.0,0.0,0.38748419322599476,0.184,0.8,0.0
830.0,132.4155604064107,145.81890087072077,217.7231065897971,16.39670061931136,0.2832948993540123,0.088,0.4,0.0
831.0,90.19262456569263,7.208455826546074,0.0,0.0,0.0,0.0,0.0,0.0
832.0,90.38118896448056,8.436779011981601,0.0,0.0,0.0,0.0,0.0,0.0
833.0,90.17575859426822,8.324526805095953,0.0,0.0,0.0,0.0,0.0,0.0
834.0,90.96847279067943,8.018134850205978,0.0,0.0,0.0,0.0,0.0,0.0
835.0,90.69845570491752,8.54943465791,0.0,0.0,0.0,0.0,0.0,0.0
836.0,90.17675353242447,7.878209241685094,0.0,0.0,0.0,0.0,0.0,0.0
837.0,90.21567664048099,7.12445568440418,0.0,0.0,0.0,0.0,0.0,0.0
838.0,90.21676891653479,7.926131951450847,0.0,0.0,0.0,0.0,0.0,0.0
839.0,90.04878605400832,7.937431774192214,0.0,0.0,0.0,0.0,0.0,0.0
840.0,123.26071705172103,101.21290019848973,0.0,0.0,0.22202702538204672,0.052,0.6,0.0
841.0,168.95699610737682,134.56383287522888,0.0,0.0,0.33184936341659593,0.126,1.0,0.0
842.0,194.3139130218636,137.55235194429065,0.0,0.0,0.3984921580156879,0.198,1.4,0.0
843.0,194.39566528067104,137.4830867895826,0.0,0.0,0.3984921580156879,0.198,1.4,0.0
844.0,215.39644926881934,172.02300516596765,0.0,0.0,0.42829429134649927,0.242,1.4,0.0
845.0,321.42220629444495,331.557220469533,0.0,0.0,0.449973332543163,0.282,1.4,0.0
846.0,305.98435821863626,335.6823411879052,0.0,0.0,0.45825756949558394,0.3,1.6,0.0
847.0,280.70117715292065,342.7936966062044,0.0,0.0,0.45825756949558394,0.3,1.6,0.0
848.0,280.9397116858906,342.6557023360722,0.0,0.0,0.458257569495584,0.3,1.6,0.0
849.0,258.8578148228808,331.59862397912786,168.45809459684904,59.32982069702344,0.43863424398922624,0.26,1.4,0.0
850.0,153.91668817083726,113.73078768565975,137.33723367933484,49.99479736276188,0.2743647207641683,0.082,0.6,0.0
851.0,156.33626537216588,110.20373702465939,0.0,0.0,0.21794494717703367,0.05,0.4,0.0
852.0,214.8424707386201,174.16558560621425,0.0,0.0,0.3858445282753145,0.182,1.2,0.0
853.0,253.03890400378583,171.2136629936707,0.0,0.0,0.40443046373882374,0.206,1.4,0.0
854.0,285.2676724834364,158.67149240092078,0.0,0.0,0.24828209762284514,0.066,0.4,0.0
855.0,297.081180785527,171.51390068796016,0.0,0.0,0.23748684174075835,0.06,0.4,0.0
856.0,315.94463233700674,176.90517817401658,142.03190001497873,9.796681316074462,0.2712931993250108,0.08,0.4,0.0
857.0,303.7844673577599,150.87078920919885,0.0,0.0,0.0,0.0,0.0,0.0
858.0,285.2116598972324,168.73260190935486,0.0,0.0,0.24828209762284514,0.066,0.4,0.0
859.0,254.6759549082826,179.08924593029292,0.0,0.0,0.3078376195334157,0.106,0.6,0.0
860.0,208.4492440840521,167.7193012647948,124.80301306866761,19.43352022571214,0.3628553430776512,0.156,0.8,0.0
861.0,157.7590509551034,138.0338082433515,0.0,0.0,0.2861817604250837,0.09,0.4,0.0
862.0,111.59389035917883,87.71765041393188,0.0,0.0,0.0,0.0,0.0,0.0
863.0,91.90069676361966,7.0803494560779345,0.0,0.0,0.0,0.0,0.0,0.0
864.0,91.0663409618347,6.513515414267075,0.0,0.0,0.0,0.0,0.0,0.0
865.0,90.89847949676414,6.668582565307078,0.0,0.0,0.0,0.0,0.0,0.0
866.0,90.95355561742625,7.014512808135996,0.0,0.0,0.0,0.0,0.0,0.0
867.0,91.20124368774711,7.387005914721466,0.0,0.0,0.0,0.0,0.0,0.0
868.0,91.18060067485962,7.026819808861835,0.0,0.0,0.0,0.0,0.0,0.0
869.0,92.09513527310823,8.001346716480175,0.0,0.0,0.0,0.0,0.0,0.0
870.0,91.65580709700866,8.66859211991868,0.0,0.0,0.0,0.0,0.0,0.0
871.0,91.42013432417237,8.445487343949653,0.0,0.0,0.0,0.0,0.0,0.0
872.0,91.0756209320645,8.067944757487451,0.0,0.0,0.0,0.0,0.0,0.0
873.0,91.2614328707583,8.281566427006403,0.0,0.0,0.0,0.0,0.0,0.0
874.0,90.17296803120149,7.199486796991701,0.0,0.0,0.0,0.0,0.0,0.0
875.0,90.55010357414093,7.146242679597857,0.0,0.0,0.0,0.0,0.0,0.0
876.0,90.71991334276163,7.3086262019185115,0.0,0.0,0.0,0.0,0.0,0.0
877.0,90.38913067105267,7.60516973148816,0.0,0.0,0.0,0.0,0.0,0.0
878.0,90.43368726501791,7.933612007759822,0.0,0.0,0.0,0.0,0.0,0.0
879.0,90.58138994260376,8.173508291383667,0.0,0.0,0.0,0.0,0.0,0.0
880.0,90.27056570778325,7.450172129284796,0.0,0.0,0.0,0.0,0.0,0.0
881.0,89.9775720741453,7.342002934397484,0.0,0.0,0.0,0.0,0.0,0.0
882.0,90.55763253728574,7.307135154255965,0.0,0.0,0.0,0.0,0.0,0.0
883.0,91.31592402137709,8.150636951007149,0.0,0.0,0.0,0.0,0.0,0.0
884.0,91.98792491485463,8.990334846529255,0.0,0.0,0.0,0.0,0.0,0.0
885.0,93.01652707427131,9.17237226876546,0.0,0.0,0.0,0.0,0.0,0.0
886.0,98.27589560767406,19.271330123574124,0.0,0.0,0.0,0.0,0.0,0.0
887.0,98.35405342740086,19.122537931447873,0.0,0.0,0.0,0.0,0.0,0.0
888.0,97.40519858691637,18.917815795078898,0.0,0.0,0.0,0.0,0.0,0.0
889.0,97.26412301862841,18.60064872670596,0.0,0.0,0.0,0.0,0.0,0.0
890.0,97.52651518392715,18.573059605479827,0.0,0.0,0.0,0.0,0.0,0.0
891.0,92.74957752727836,6.9318656239418255,0.0,0.0,0.0,0.0,0.0,0.0
892.0,93.41082971773437,8.34768700254776,0.0,0.0,0.0,0.0,0.0,0.0
893.0,94.65305478358417,9.209591628239663,0.0,0.0,0.0,0.0,0.0,0.0
894.0,93.97587610791673,9.419795458723032,0.0,0.0,0.0,0.0,0.0,0.0
895.0,93.67077220485866,9.107682391059091,0.0,0.0,0.0,0.0,0.0,0.0
896.0,94.03917044605558,9.005930273678098,0.0,0.0,0.0,0.0,0.0,0.0
897.0,93.29074691906405,7.846015471834956,0.0,0.0,0.0,0.0,0.0,0.0
898.0,92.87432405969393,6.770409964682896,0.0,0.0,0.0,0.0,0.0,0.0
899.0,93.72502444129245,6.503174198671682,0.0,0.0,0.0,0.0,0.0,0.0
