time,speechWorkload,overall
0,0.0,nl
1,0.0,nl
2,0.0,nl
3,0.0,nl
4,0.0,nl
5,0.0,nl
6,0.0,nl
7,0.0,nl
8,0.0,nl
9,0.0,nl
10,0.0,nl
11,0.0,nl
12,0.0,nl
13,0.0,nl
14,0.0,nl
15,0.0,nl
16,0.0,nl
17,0.0,nl
18,0.0,nl
19,0.0,nl
20,0.0,nl
21,0.0,nl
22,0.0,nl
23,0.0,nl
24,0.0,nl
25,0.0,nl
26,0.0,ol
27,0.0,ol
28,0.0,ol
29,0.0,ol
30,0.0,ol
31,0.0,ol
32,0.0,ol
33,0.0,ol
34,0.0,ol
35,0.5333333611488342,ol
36,0.5333333611488342,ol
37,0.5333333611488342,ol
38,0.5333333611488342,ol
39,0.5333333611488342,ol
40,0.5333333611488342,ol
41,1.2000000476837158,ol
42,1.2000000476837158,ol
43,1.2000000476837158,ol
44,1.2000000476837158,ol
45,1.2000000476837158,ol
46,1.3333333730697632,ol
47,1.3333333730697632,ol
48,1.3333333730697632,ol
49,1.3333333730697632,ol
50,1.3333333730697632,ol
51,1.6000000238418581,nl
52,1.6000000238418581,nl
53,1.6000000238418581,nl
54,1.6000000238418581,nl
55,1.6000000238418581,nl
56,2.2666666507720947,nl
57,2.2666666507720947,nl
58,2.2666666507720947,nl
59,2.2666666507720947,nl
60,2.2666666507720947,nl
61,2.6666667461395264,nl
62,2.6666667461395264,nl
63,2.6666667461395264,nl
64,2.6666667461395264,nl
65,2.6666667461395264,nl
66,2.6666667461395264,nl
67,2.6666667461395264,nl
68,2.6666667461395264,nl
69,2.6666667461395264,nl
70,2.6666667461395264,nl
71,2.6666667461395264,nl
72,2.6666667461395264,nl
73,2.6666667461395264,nl
74,2.6666667461395264,nl
75,2.6666667461395264,nl
76,2.6666667461395264,ol
77,2.6666667461395264,ol
78,2.6666667461395264,ol
79,2.6666667461395264,ol
80,2.6666667461395264,ol
81,2.933333396911621,nl
82,2.933333396911621,nl
83,2.933333396911621,nl
84,2.933333396911621,nl
85,2.933333396911621,nl
86,2.933333396911621,nl
87,2.933333396911621,nl
88,2.933333396911621,nl
89,2.933333396911621,nl
90,2.933333396911621,nl
91,2.6666667461395264,nl
92,2.6666667461395264,nl
93,2.6666667461395264,nl
94,2.6666667461395264,nl
95,2.6666667461395264,nl
96,2.799999952316284,nl
97,2.799999952316284,nl
98,2.799999952316284,nl
99,2.799999952316284,nl
100,2.799999952316284,nl
101,2.799999952316284,ol
102,2.799999952316284,ol
103,2.799999952316284,ol
104,2.799999952316284,ol
105,2.799999952316284,ol
106,2.6666667461395264,nl
107,2.6666667461395264,nl
108,2.6666667461395264,nl
109,2.6666667461395264,nl
110,2.6666667461395264,nl
111,2.799999952316284,ol
112,2.799999952316284,ol
113,2.799999952316284,ol
114,2.799999952316284,ol
115,2.799999952316284,ol
116,2.799999952316284,nl
117,2.799999952316284,nl
118,2.799999952316284,nl
119,2.799999952316284,nl
120,2.799999952316284,nl
121,2.6666667461395264,nl
122,2.6666667461395264,nl
123,2.6666667461395264,nl
124,2.6666667461395264,nl
125,2.6666667461395264,nl
126,2.0,ol
127,2.0,ol
128,2.0,ol
129,2.0,ol
130,2.0,ol
131,1.6000000238418581,nl
132,1.6000000238418581,nl
133,1.6000000238418581,nl
134,1.6000000238418581,nl
135,1.6000000238418581,nl
136,2.2666666507720947,ol
137,2.2666666507720947,ol
138,2.2666666507720947,ol
139,2.2666666507720947,ol
140,2.2666666507720947,ol
141,2.0,ol
142,2.0,ol
143,2.0,ol
144,2.0,ol
145,2.0,ol
146,1.7333333492279053,nl
147,1.7333333492279053,nl
148,1.7333333492279053,nl
149,1.7333333492279053,nl
150,1.7333333492279053,nl
151,2.400000095367432,nl
152,2.400000095367432,nl
153,2.400000095367432,nl
154,2.400000095367432,nl
155,2.400000095367432,nl
156,2.6666667461395264,ol
157,2.6666667461395264,ol
158,2.6666667461395264,ol
159,2.6666667461395264,ol
160,2.6666667461395264,ol
161,2.799999952316284,nl
162,2.799999952316284,nl
163,2.799999952316284,nl
164,2.799999952316284,nl
165,2.799999952316284,nl
166,2.799999952316284,nl
167,2.799999952316284,nl
168,2.799999952316284,nl
169,2.799999952316284,nl
170,2.799999952316284,nl
171,2.6666667461395264,ol
172,2.6666667461395264,ol
173,2.6666667461395264,ol
174,2.6666667461395264,ol
175,2.6666667461395264,ol
176,2.533333301544189,ol
177,2.533333301544189,ol
178,2.533333301544189,ol
179,2.533333301544189,ol
180,2.533333301544189,ol
181,2.533333301544189,nl
182,2.533333301544189,nl
183,2.533333301544189,nl
184,2.533333301544189,nl
185,2.533333301544189,nl
186,3.066666603088379,ol
187,3.066666603088379,ol
188,3.066666603088379,ol
189,3.066666603088379,ol
190,3.066666603088379,ol
191,3.3333332538604736,ol
192,3.3333332538604736,ol
193,3.3333332538604736,ol
194,3.3333332538604736,ol
195,3.3333332538604736,ol
196,2.933333396911621,ol
197,2.933333396911621,ol
198,2.933333396911621,ol
199,2.933333396911621,ol
200,2.933333396911621,ol
201,2.6666667461395264,ol
202,2.6666667461395264,ol
203,2.6666667461395264,ol
204,2.6666667461395264,ol
205,2.6666667461395264,ol
206,2.400000095367432,ol
207,2.400000095367432,ol
208,2.400000095367432,ol
209,2.400000095367432,ol
210,2.400000095367432,ol
211,2.2666666507720947,nl
212,2.2666666507720947,nl
213,2.2666666507720947,nl
214,2.2666666507720947,nl
215,2.2666666507720947,nl
216,2.133333444595337,nl
217,2.133333444595337,nl
218,2.133333444595337,nl
219,2.133333444595337,nl
220,2.133333444595337,nl
221,1.6000000238418581,nl
222,1.6000000238418581,nl
223,1.6000000238418581,nl
224,1.6000000238418581,nl
225,1.6000000238418581,nl
226,1.6000000238418581,nl
227,1.6000000238418581,nl
228,1.6000000238418581,nl
229,1.6000000238418581,nl
230,1.6000000238418581,nl
231,2.2666666507720947,nl
232,2.2666666507720947,nl
233,2.2666666507720947,nl
234,2.2666666507720947,nl
235,2.2666666507720947,nl
236,2.6666667461395264,nl
237,2.6666667461395264,nl
238,2.6666667461395264,nl
239,2.6666667461395264,nl
240,2.6666667461395264,nl
241,2.133333444595337,ol
242,2.133333444595337,ol
243,2.133333444595337,ol
244,2.133333444595337,ol
245,2.133333444595337,ol
246,1.8666666746139529,nl
247,1.8666666746139529,nl
248,1.8666666746139529,nl
249,1.8666666746139529,nl
250,1.8666666746139529,nl
251,2.400000095367432,nl
252,2.400000095367432,nl
253,2.400000095367432,nl
254,2.400000095367432,nl
255,2.400000095367432,nl
256,2.400000095367432,nl
257,2.400000095367432,nl
258,2.400000095367432,nl
259,2.400000095367432,nl
260,2.400000095367432,nl
261,1.6000000238418581,ol
262,1.6000000238418581,ol
263,1.6000000238418581,ol
264,1.6000000238418581,ol
265,1.6000000238418581,ol
266,1.3333333730697632,nl
267,1.3333333730697632,nl
268,1.3333333730697632,nl
269,1.3333333730697632,nl
270,1.3333333730697632,nl
271,1.3333333730697632,nl
272,1.3333333730697632,nl
273,1.3333333730697632,nl
274,1.3333333730697632,nl
275,1.3333333730697632,nl
276,0.9333333373069764,nl
277,0.9333333373069764,nl
278,0.9333333373069764,nl
279,0.9333333373069764,nl
280,0.9333333373069764,nl
281,0.2666666805744171,nl
282,0.2666666805744171,nl
283,0.2666666805744171,nl
284,0.2666666805744171,nl
285,0.2666666805744171,nl
286,0.0,nl
287,0.0,nl
288,0.0,nl
289,0.0,nl
290,0.0,nl
291,0.2666666805744171,nl
292,0.2666666805744171,nl
293,0.2666666805744171,nl
294,0.2666666805744171,nl
295,0.2666666805744171,nl
296,0.9333333373069764,ol
297,0.9333333373069764,ol
298,0.9333333373069764,ol
299,0.9333333373069764,ol
300,0.9333333373069764,ol
301,1.3333333730697632,nl
302,1.3333333730697632,nl
303,1.3333333730697632,nl
304,1.3333333730697632,nl
305,1.3333333730697632,nl
306,1.3333333730697632,ol
307,1.3333333730697632,ol
308,1.3333333730697632,ol
309,1.3333333730697632,ol
310,1.3333333730697632,ol
311,1.3333333730697632,nl
312,1.3333333730697632,nl
313,1.3333333730697632,nl
314,1.3333333730697632,nl
315,1.3333333730697632,nl
316,1.3333333730697632,nl
317,1.3333333730697632,nl
318,1.3333333730697632,nl
319,1.3333333730697632,nl
320,1.3333333730697632,nl
321,1.0666667222976685,nl
322,1.0666667222976685,nl
323,1.0666667222976685,nl
324,1.0666667222976685,nl
325,1.0666667222976685,nl
326,0.4000000059604645,ol
327,0.4000000059604645,ol
328,0.4000000059604645,ol
329,0.4000000059604645,ol
330,0.4000000059604645,ol
331,0.0,nl
332,0.0,nl
333,0.0,nl
334,0.0,nl
335,0.0,nl
336,0.6666666865348816,ol
337,0.6666666865348816,ol
338,0.6666666865348816,ol
339,0.6666666865348816,ol
340,0.6666666865348816,ol
341,1.3333333730697632,ol
342,1.3333333730697632,ol
343,1.3333333730697632,ol
344,1.3333333730697632,ol
345,1.3333333730697632,ol
346,1.3333333730697632,ol
347,1.3333333730697632,ol
348,1.3333333730697632,ol
349,1.3333333730697632,ol
350,1.3333333730697632,ol
351,1.7333333492279053,ol
352,1.7333333492279053,ol
353,1.7333333492279053,ol
354,1.7333333492279053,ol
355,1.7333333492279053,ol
356,2.400000095367432,ol
357,2.400000095367432,ol
358,2.400000095367432,ol
359,2.400000095367432,ol
360,2.400000095367432,ol
361,3.2000000476837163,nl
362,3.2000000476837163,nl
363,3.2000000476837163,nl
364,3.2000000476837163,nl
365,3.2000000476837163,nl
366,3.2000000476837163,ol
367,3.2000000476837163,ol
368,3.2000000476837163,ol
369,3.2000000476837163,ol
370,3.2000000476837163,ol
371,2.6666667461395264,nl
372,2.6666667461395264,nl
373,2.6666667461395264,nl
374,2.6666667461395264,nl
375,2.6666667461395264,nl
376,2.6666667461395264,ol
377,2.6666667461395264,ol
378,2.6666667461395264,ol
379,2.6666667461395264,ol
380,2.6666667461395264,ol
381,2.799999952316284,nl
382,2.799999952316284,nl
383,2.799999952316284,nl
384,2.799999952316284,nl
385,2.799999952316284,nl
386,2.799999952316284,nl
387,2.799999952316284,nl
388,2.799999952316284,nl
389,2.799999952316284,nl
390,2.799999952316284,nl
391,2.133333444595337,ol
392,2.133333444595337,ol
393,2.133333444595337,ol
394,2.133333444595337,ol
395,2.133333444595337,ol
396,2.0,nl
397,2.0,nl
398,2.0,nl
399,2.0,nl
400,2.0,nl
401,2.533333301544189,ol
402,2.533333301544189,ol
403,2.533333301544189,ol
404,2.533333301544189,ol
405,2.533333301544189,ol
406,2.6666667461395264,ol
407,2.6666667461395264,ol
408,2.6666667461395264,ol
409,2.6666667461395264,ol
410,2.533333301544189,nl
411,2.533333301544189,nl
412,2.533333301544189,nl
413,2.533333301544189,nl
414,2.533333301544189,nl
415,2.533333301544189,nl
416,2.5999999046325684,nl
417,2.5999999046325684,nl
418,2.5999999046325684,nl
419,2.5999999046325684,nl
420,2.5999999046325684,nl
421,3.066666603088379,nl
422,3.066666603088379,nl
423,3.066666603088379,nl
424,3.066666603088379,nl
425,3.066666603088379,nl
426,2.866666555404663,nl
427,2.866666555404663,nl
428,2.866666555404663,nl
429,2.866666555404663,nl
430,2.866666555404663,nl
431,2.533333301544189,nl
432,2.533333301544189,nl
433,2.533333301544189,nl
434,2.533333301544189,nl
435,2.533333301544189,nl
436,2.7333333492279053,nl
437,2.7333333492279053,nl
438,2.7333333492279053,nl
439,2.7333333492279053,nl
440,2.7333333492279053,nl
441,2.6666667461395264,nl
442,2.6666667461395264,nl
443,2.6666667461395264,nl
444,2.6666667461395264,nl
445,2.6666667461395264,nl
446,2.200000047683716,nl
447,2.200000047683716,nl
448,2.200000047683716,nl
449,2.200000047683716,nl
450,2.200000047683716,nl
451,1.6000000238418581,nl
452,1.6000000238418581,nl
453,1.6000000238418581,nl
454,1.6000000238418581,nl
455,1.6000000238418581,nl
456,1.2000000476837158,nl
457,1.2000000476837158,nl
458,1.2000000476837158,nl
459,1.2000000476837158,nl
460,1.2000000476837158,nl
461,0.9333333373069764,ul
462,0.9333333373069764,ul
463,0.9333333373069764,ul
464,0.9333333373069764,ul
465,0.9333333373069764,ul
466,0.6000000238418579,ul
467,0.6000000238418579,ul
468,0.6000000238418579,ul
469,0.6000000238418579,ul
470,0.6000000238418579,ul
471,0.2666666805744171,ul
472,0.2666666805744171,ul
473,0.2666666805744171,ul
474,0.2666666805744171,ul
475,0.2666666805744171,ul
476,0.0,ul
477,0.0,ul
478,0.0,ul
479,0.0,ul
480,0.0,ul
481,0.0,ul
482,0.0,ul
483,0.0,ul
484,0.0,ul
485,0.0,ul
486,0.0,ul
487,0.0,ul
488,0.0,ul
489,0.0,ul
490,0.0,ul
491,0.0,ul
492,0.0,ul
493,0.0,ul
494,0.0,ul
495,0.0,ul
496,0.0,ul
497,0.0,ul
498,0.0,ul
499,0.0,ul
500,0.0,ul
501,0.0,ul
502,0.0,ul
503,0.0,ul
504,0.0,ul
505,0.0,ul
506,0.0,ul
507,0.0,ul
508,0.0,ul
509,0.0,ul
510,0.0,ul
511,0.0,ul
512,0.0,ul
513,0.0,ul
514,0.0,ul
515,0.0,ul
516,0.0,ul
517,0.0,ul
518,0.0,ul
519,0.0,ul
520,0.0,ul
521,0.0,ul
522,0.0,ul
523,0.0,ul
524,0.0,ul
525,0.0,ul
526,0.0,ul
527,0.0,ul
528,0.0,ul
529,0.0,ul
530,0.0,ul
531,0.0,ul
532,0.0,ul
533,0.0,ul
534,0.0,ul
535,0.0,ul
536,0.0,ul
537,0.0,ul
538,0.0,ul
539,0.0,ul
540,0.0,ul
541,0.0,ul
542,0.0,ul
543,0.0,ul
544,0.0,ul
545,0.0,ul
546,0.0,ul
547,0.0,ul
548,0.0,ul
549,0.0,ul
550,0.0,ul
551,0.0,ul
552,0.0,ul
553,0.0,ul
554,0.0,ul
555,0.0,ul
556,0.0,ul
557,0.0,ul
558,0.0,ul
559,0.0,ul
560,0.0,ul
561,0.0,ul
562,0.0,ul
563,0.0,ul
564,0.0,ul
565,0.0,ul
566,0.0,ul
567,0.0,ul
568,0.0,ul
569,0.0,ul
570,0.0,ul
571,0.0,nl
572,0.0,nl
573,0.0,nl
574,0.0,nl
575,0.0,nl
576,0.0,ul
577,0.0,ul
578,0.0,ul
579,0.0,ul
580,0.0,ul
581,0.0,nl
582,0.0,nl
583,0.0,nl
584,0.0,nl
585,0.0,nl
586,0.0,ul
587,0.0,ul
588,0.0,ul
589,0.0,ul
590,0.0,ul
591,0.0,ul
592,0.0,ul
593,0.0,ul
594,0.0,ul
595,0.0,ul
596,0.0,nl
597,0.0,nl
598,0.0,nl
599,0.0,nl
600,0.0,nl
601,0.0,ul
602,0.0,ul
603,0.0,ul
604,0.0,ul
605,0.0,ul
606,0.0,ul
607,0.0,ul
608,0.0,ul
609,0.0,ul
610,0.0,ul
611,0.0,ul
612,0.0,ul
613,0.0,ul
614,0.0,ul
615,0.0,ul
616,0.0,ul
617,0.0,ul
618,0.0,ul
619,0.0,ul
620,0.0,ul
621,0.0,ul
622,0.0,ul
623,0.0,ul
624,0.0,ul
625,0.0,ul
626,0.0,ul
627,0.0,ul
628,0.0,ul
629,0.0,ul
630,0.0,ul
631,0.0,ul
632,0.0,ul
633,0.0,ul
634,0.0,ul
635,0.0,ul
636,0.0,ul
637,0.0,ul
638,0.0,ul
639,0.0,ul
640,0.0,ul
641,0.0,ul
642,0.0,ul
643,0.0,ul
644,0.0,ul
645,0.0,ul
646,0.0,ul
647,0.0,ul
648,0.0,ul
649,0.0,ul
650,0.0,ul
651,0.0,ul
652,0.0,ul
653,0.0,ul
654,0.0,ul
655,0.0,ul
656,0.0,ul
657,0.0,ul
658,0.0,ul
659,0.0,ul
660,0.0,ul
661,0.0,ul
662,0.0,ul
663,0.0,ul
664,0.0,ul
665,0.0,ul
666,0.0,ul
667,0.0,ul
668,0.0,ul
669,0.0,ul
670,0.0,ul
671,0.0,ul
672,0.0,ul
673,0.0,ul
674,0.0,ul
675,0.0,ul
676,0.0,ul
677,0.0,ul
678,0.0,ul
679,0.0,ul
680,0.0,ul
681,0.0,ul
682,0.0,ul
683,0.0,ul
684,0.0,ul
685,0.0,ul
686,0.0,ul
687,0.0,ul
688,0.0,ul
689,0.0,ul
690,0.0,ul
691,0.0,ul
692,0.0,ul
693,0.0,ul
694,0.0,ul
695,0.0,ul
696,0.0,ul
697,0.0,ul
698,0.0,ul
699,0.0,ul
700,0.0,ul
701,0.0,ul
702,0.0,ul
703,0.0,ul
704,0.0,ul
705,0.0,ul
706,0.0,ul
707,0.0,ul
708,0.0,ul
709,0.0,ul
710,0.0,ul
711,0.0,ul
712,0.0,ul
713,0.0,ul
714,0.0,ul
715,0.0,ul
716,0.0,ul
717,0.0,ul
718,0.0,ul
719,0.0,ul
720,0.0,ul
721,0.0,ul
722,0.0,ul
723,0.0,ul
724,0.0,ul
725,0.0,ul
726,0.0,ul
727,0.0,ul
728,0.0,ul
729,0.0,ul
730,0.0,ul
731,0.0,ul
732,0.0,ul
733,0.0,ul
734,0.0,ul
735,0.0,ul
736,0.0,ul
737,0.0,ul
738,0.0,ul
739,0.0,ul
740,0.0,ul
741,0.0,ul
742,0.0,ul
743,0.0,ul
744,0.0,ul
745,0.0,ul
746,0.0,ul
747,0.0,ul
748,0.0,ul
749,0.0,ul
750,0.0,ul
751,0.0,ul
752,0.0,ul
753,0.0,ul
754,0.0,ul
755,0.0,ul
756,0.0,ul
757,0.0,ul
758,0.0,ul
759,0.0,ul
760,0.0,ul
761,0.0,ul
762,0.0,ul
763,0.0,ul
764,0.0,ul
765,0.0,ul
766,0.0,ul
767,0.0,ul
768,0.0,ul
769,0.0,ul
770,0.0,ul
771,0.0,ul
772,0.0,ul
773,0.0,ul
774,0.0,ul
775,0.0,ul
776,0.0,ul
777,0.0,ul
778,0.0,ul
779,0.0,ul
780,0.0,ul
781,0.0,ul
782,0.0,ul
783,0.0,ul
784,0.0,ul
785,0.0,ul
786,0.0,ul
787,0.0,ul
788,0.0,ul
789,0.0,ul
790,0.0,ul
791,0.0,ul
792,0.0,ul
793,0.0,ul
794,0.0,ul
795,0.0,ul
796,0.0,ul
797,0.0,ul
798,0.0,ul
799,0.0,ul
800,0.0,ul
801,0.0,ul
802,0.0,ul
803,0.0,ul
804,0.0,ul
805,0.0,ul
806,0.0,ul
807,0.0,ul
808,0.0,ul
809,0.0,ul
810,0.0,ul
811,0.0,ul
812,0.0,ul
813,0.0,ul
814,0.0,ul
815,0.0,ul
816,0.0,ul
817,0.0,ul
818,0.0,ul
819,0.0,ul
820,0.0,ul
821,0.0,ul
822,0.0,ul
823,0.0,ul
824,0.0,ul
825,0.0,ul
826,0.0,ul
827,0.0,ul
828,0.0,ul
829,0.0,ul
830,0.0,ul
831,0.0,ul
832,0.0,ul
833,0.0,ul
834,0.0,ul
835,0.0,ul
836,0.0,ul
837,0.0,ul
838,0.0,ul
839,0.0,ul
840,0.0,ul
841,0.0,ul
842,0.0,ul
843,0.0,ul
844,0.0,ul
845,0.0,ul
846,0.0,ul
847,0.0,ul
848,0.0,ul
849,0.0,ul
850,0.0,ul
851,0.0,ul
852,0.0,ul
853,0.0,ul
854,0.0,ul
855,0.0,ul
856,0.0,ul
857,0.0,ul
858,0.0,ul
859,0.0,ul
860,0.0,ul
861,0.0,ul
862,0.0,ul
863,0.0,ul
864,0.0,ul
865,0.0,ul
866,0.0,ul
867,0.0,ul
868,0.0,ul
869,0.0,ul
870,0.0,ul
871,0.3333333432674408,ul
872,0.3333333432674408,ul
873,0.3333333432674408,ul
874,0.3333333432674408,ul
875,0.3333333432674408,ul
876,0.6666666865348816,ul
877,0.6666666865348816,ul
878,0.6666666865348816,ul
879,0.6666666865348816,ul
880,0.6666666865348816,ul
881,1.0,ul
882,1.0,ul
883,1.0,ul
884,1.0,ul
885,1.0,ul
886,1.3333333730697632,nl
887,1.3333333730697632,nl
888,1.3333333730697632,nl
889,1.3333333730697632,nl
890,1.3333333730697632,nl
891,1.6666666269302368,nl
892,1.6666666269302368,nl
893,1.6666666269302368,nl
894,1.6666666269302368,nl
895,1.6666666269302368,nl
896,2.0,ul
897,2.0,ul
898,2.0,ul
899,2.0,ul
900,2.0,ul
901,1.6666666269302368,ul
902,1.6666666269302368,ul
903,1.6666666269302368,ul
904,1.6666666269302368,ul
905,1.6666666269302368,ul
906,1.3333333730697632,nl
907,1.3333333730697632,nl
908,1.3333333730697632,nl
909,1.3333333730697632,nl
910,1.3333333730697632,nl
911,1.0,nl
912,1.0,nl
913,1.0,nl
914,1.0,nl
915,1.0,nl
916,0.6666666865348816,nl
917,0.6666666865348816,nl
918,0.6666666865348816,nl
919,0.6666666865348816,nl
920,0.6666666865348816,nl
921,0.3333333432674408,nl
922,0.3333333432674408,nl
923,0.3333333432674408,nl
924,0.3333333432674408,nl
925,0.3333333432674408,nl
926,0.0,nl
927,0.0,nl
928,0.0,nl
929,0.0,nl
930,0.0,nl
931,0.0,nl
932,0.0,nl
933,0.0,nl
934,0.0,nl
935,0.0,nl
936,0.2666666805744171,ol
937,0.2666666805744171,ol
938,0.2666666805744171,ol
939,0.2666666805744171,ol
940,0.2666666805744171,ol
941,0.9333333373069764,ol
942,0.9333333373069764,ol
943,0.9333333373069764,ol
944,0.9333333373069764,ol
945,0.9333333373069764,ol
946,1.3333333730697632,ol
947,1.3333333730697632,ol
948,1.3333333730697632,ol
949,1.3333333730697632,ol
950,1.3333333730697632,ol
951,1.4666666984558103,nl
952,1.4666666984558103,nl
953,1.4666666984558103,nl
954,1.4666666984558103,nl
955,1.4666666984558103,nl
956,2.133333444595337,ol
957,2.133333444595337,ol
958,2.133333444595337,ol
959,2.133333444595337,ol
960,2.133333444595337,ol
961,2.6666667461395264,ol
962,2.6666667461395264,ol
963,2.6666667461395264,ol
964,2.6666667461395264,ol
965,2.6666667461395264,ol
966,2.799999952316284,nl
967,2.799999952316284,nl
968,2.799999952316284,nl
969,2.799999952316284,nl
970,2.799999952316284,nl
971,2.799999952316284,ol
972,2.799999952316284,ol
973,2.799999952316284,ol
974,2.799999952316284,ol
975,2.799999952316284,ol
976,2.6666667461395264,ol
977,2.6666667461395264,ol
978,2.6666667461395264,ol
979,2.6666667461395264,ol
980,2.6666667461395264,ol
981,2.933333396911621,ol
982,2.933333396911621,ol
983,2.933333396911621,ol
984,2.933333396911621,ol
985,2.933333396911621,ol
986,2.933333396911621,ol
987,2.933333396911621,ol
988,2.933333396911621,ol
989,2.933333396911621,ol
990,2.933333396911621,ol
991,2.6666667461395264,ol
992,2.6666667461395264,ol
993,2.6666667461395264,ol
994,2.6666667461395264,ol
995,2.6666667461395264,ol
996,2.799999952316284,ol
997,2.799999952316284,ol
998,2.799999952316284,ol
999,2.799999952316284,ol
1000,2.799999952316284,ol
1001,2.799999952316284,ol
1002,2.799999952316284,ol
1003,2.799999952316284,ol
1004,2.799999952316284,ol
1005,2.799999952316284,ol
1006,2.6666667461395264,ol
1007,2.6666667461395264,ol
1008,2.6666667461395264,ol
1009,2.6666667461395264,ol
1010,2.6666667461395264,ol
1011,2.799999952316284,nl
1012,2.799999952316284,nl
1013,2.799999952316284,nl
1014,2.799999952316284,nl
1015,2.799999952316284,nl
1016,2.799999952316284,ol
1017,2.799999952316284,ol
1018,2.799999952316284,ol
1019,2.799999952316284,ol
1020,2.799999952316284,ol
1021,2.6666667461395264,nl
1022,2.6666667461395264,nl
1023,2.6666667461395264,nl
1024,2.6666667461395264,nl
1025,2.6666667461395264,nl
1026,2.133333444595337,ol
1027,2.133333444595337,ol
1028,2.133333444595337,ol
1029,2.133333444595337,ol
1030,2.133333444595337,ol
1031,1.6000000238418581,ol
1032,1.6000000238418581,ol
1033,1.6000000238418581,ol
1034,1.6000000238418581,ol
1035,1.6000000238418581,ol
1036,2.133333444595337,nl
1037,2.133333444595337,nl
1038,2.133333444595337,nl
1039,2.133333444595337,nl
1040,2.133333444595337,nl
1041,2.133333444595337,nl
1042,2.133333444595337,nl
1043,2.133333444595337,nl
1044,2.133333444595337,nl
1045,2.133333444595337,nl
1046,1.7333333492279053,ol
1047,1.7333333492279053,ol
1048,1.7333333492279053,ol
1049,1.7333333492279053,ol
1050,1.7333333492279053,ol
1051,2.2666666507720947,nl
1052,2.2666666507720947,nl
1053,2.2666666507720947,nl
1054,2.2666666507720947,nl
1055,2.2666666507720947,nl
1056,2.6666667461395264,nl
1057,2.6666667461395264,nl
1058,2.6666667461395264,nl
1059,2.6666667461395264,nl
1060,2.6666667461395264,nl
1061,2.799999952316284,ol
1062,2.799999952316284,ol
1063,2.799999952316284,ol
1064,2.799999952316284,ol
1065,2.799999952316284,ol
1066,2.799999952316284,nl
1067,2.799999952316284,nl
1068,2.799999952316284,nl
1069,2.799999952316284,nl
1070,2.799999952316284,nl
1071,2.6666667461395264,nl
1072,2.6666667461395264,nl
1073,2.6666667461395264,nl
1074,2.6666667461395264,nl
1075,2.6666667461395264,nl
1076,2.400000095367432,nl
1077,2.400000095367432,nl
1078,2.400000095367432,nl
1079,2.400000095367432,nl
1080,2.400000095367432,nl
1081,2.400000095367432,nl
1082,2.400000095367432,nl
1083,2.400000095367432,nl
1084,2.400000095367432,nl
1085,2.400000095367432,nl
1086,2.933333396911621,ol
1087,2.933333396911621,ol
1088,2.933333396911621,ol
1089,2.933333396911621,ol
1090,2.933333396911621,ol
1091,3.3333332538604736,ol
1092,3.3333332538604736,ol
1093,3.3333332538604736,ol
1094,3.3333332538604736,ol
1095,3.3333332538604736,ol
1096,3.066666603088379,nl
1097,3.066666603088379,nl
1098,3.066666603088379,nl
1099,3.066666603088379,nl
1100,3.066666603088379,nl
1101,2.6666667461395264,nl
1102,2.6666667461395264,nl
1103,2.6666667461395264,nl
1104,2.6666667461395264,nl
1105,2.6666667461395264,nl
1106,2.6666667461395264,nl
1107,2.6666667461395264,nl
1108,2.6666667461395264,nl
1109,2.6666667461395264,nl
1110,2.6666667461395264,nl
1111,2.400000095367432,nl
1112,2.400000095367432,nl
1113,2.400000095367432,nl
1114,2.400000095367432,nl
1115,2.400000095367432,nl
1116,2.133333444595337,nl
1117,2.133333444595337,nl
1118,2.133333444595337,nl
1119,2.133333444595337,nl
1120,2.133333444595337,nl
1121,1.7333333492279053,nl
1122,1.7333333492279053,nl
1123,1.7333333492279053,nl
1124,1.7333333492279053,nl
1125,1.7333333492279053,nl
1126,1.4666666984558103,nl
1127,1.4666666984558103,nl
1128,1.4666666984558103,nl
1129,1.4666666984558103,nl
1130,1.4666666984558103,nl
1131,2.133333444595337,nl
1132,2.133333444595337,nl
1133,2.133333444595337,nl
1134,2.133333444595337,nl
1135,2.133333444595337,nl
1136,2.6666667461395264,ol
1137,2.6666667461395264,ol
1138,2.6666667461395264,ol
1139,2.6666667461395264,ol
1140,2.6666667461395264,ol
1141,2.133333444595337,ol
1142,2.133333444595337,ol
1143,2.133333444595337,ol
1144,2.133333444595337,ol
1145,2.133333444595337,ol
1146,1.7333333492279053,nl
1147,1.7333333492279053,nl
1148,1.7333333492279053,nl
1149,1.7333333492279053,nl
1150,1.7333333492279053,nl
1151,2.133333444595337,ol
1152,2.133333444595337,ol
1153,2.133333444595337,ol
1154,2.133333444595337,ol
1155,2.133333444595337,ol
1156,2.533333301544189,ol
1157,2.533333301544189,ol
1158,2.533333301544189,ol
1159,2.533333301544189,ol
1160,2.533333301544189,ol
1161,1.8666666746139529,nl
1162,1.8666666746139529,nl
1163,1.8666666746139529,nl
1164,1.8666666746139529,nl
1165,1.8666666746139529,nl
1166,1.3333333730697632,nl
1167,1.3333333730697632,nl
1168,1.3333333730697632,nl
1169,1.3333333730697632,nl
1170,1.3333333730697632,nl
1171,1.3333333730697632,nl
1172,1.3333333730697632,nl
1173,1.3333333730697632,nl
1174,1.3333333730697632,nl
1175,1.3333333730697632,nl
1176,1.2000000476837158,nl
1177,1.2000000476837158,nl
1178,1.2000000476837158,nl
1179,1.2000000476837158,nl
1180,1.2000000476837158,nl
1181,0.5333333611488342,nl
1182,0.5333333611488342,nl
1183,0.5333333611488342,nl
1184,0.5333333611488342,nl
1185,0.5333333611488342,nl
1186,0.0,nl
1187,0.0,nl
1188,0.0,nl
1189,0.0,nl
1190,0.0,nl
1191,0.0,ol
1192,0.0,ol
1193,0.0,ol
1194,0.0,ol
1195,0.0,ol
1196,0.8000000119209291,nl
1197,0.8000000119209291,nl
1198,0.8000000119209291,nl
1199,0.8000000119209291,nl
1200,0.8000000119209291,nl
1201,1.3333333730697632,nl
1202,1.3333333730697632,nl
1203,1.3333333730697632,nl
1204,1.3333333730697632,nl
1205,1.3333333730697632,nl
1206,1.3333333730697632,ol
1207,1.3333333730697632,ol
1208,1.3333333730697632,ol
1209,1.3333333730697632,ol
1210,1.3333333730697632,ol
1211,1.3333333730697632,nl
1212,1.3333333730697632,nl
1213,1.3333333730697632,nl
1214,1.3333333730697632,nl
1215,1.3333333730697632,nl
1216,1.3333333730697632,ol
1217,1.3333333730697632,ol
1218,1.3333333730697632,ol
1219,1.3333333730697632,ol
1220,1.3333333730697632,ol
1221,1.3333333730697632,nl
1222,1.3333333730697632,nl
1223,1.3333333730697632,nl
1224,1.3333333730697632,nl
1225,1.3333333730697632,nl
1226,0.6666666865348816,nl
1227,0.6666666865348816,nl
1228,0.6666666865348816,nl
1229,0.6666666865348816,nl
1230,0.6666666865348816,nl
1231,0.0,nl
1232,0.0,nl
1233,0.0,nl
1234,0.0,nl
1235,0.0,nl
1236,0.4000000059604645,ol
1237,0.4000000059604645,ol
1238,0.4000000059604645,ol
1239,0.4000000059604645,ol
1240,0.4000000059604645,ol
1241,1.0666667222976685,ol
1242,1.0666667222976685,ol
1243,1.0666667222976685,ol
1244,1.0666667222976685,ol
1245,1.0666667222976685,ol
1246,1.3333333730697632,ol
1247,1.3333333730697632,ol
1248,1.3333333730697632,ol
1249,1.3333333730697632,ol
1250,1.3333333730697632,ol
1251,1.6000000238418581,nl
1252,1.6000000238418581,nl
1253,1.6000000238418581,nl
1254,1.6000000238418581,nl
1255,1.6000000238418581,nl
1256,2.2666666507720947,nl
1257,2.2666666507720947,nl
1258,2.2666666507720947,nl
1259,2.2666666507720947,nl
1260,2.2666666507720947,nl
1261,3.066666603088379,nl
1262,3.066666603088379,nl
1263,3.066666603088379,nl
1264,3.066666603088379,nl
1265,3.066666603088379,nl
1266,3.3333332538604736,nl
1267,3.3333332538604736,nl
1268,3.3333332538604736,nl
1269,3.3333332538604736,nl
1270,3.3333332538604736,nl
1271,2.933333396911621,nl
1272,2.933333396911621,nl
1273,2.933333396911621,nl
1274,2.933333396911621,nl
1275,2.933333396911621,nl
1276,2.6666667461395264,nl
1277,2.6666667461395264,nl
1278,2.6666667461395264,nl
1279,2.6666667461395264,nl
1280,2.799999952316284,nl
1281,2.799999952316284,nl
1282,2.799999952316284,nl
1283,2.799999952316284,nl
1284,2.799999952316284,nl
1285,2.799999952316284,nl
1286,2.799999952316284,nl
1287,2.799999952316284,nl
1288,2.799999952316284,nl
1289,2.799999952316284,nl
1290,2.799999952316284,nl
1291,2.2666666507720947,ol
1292,2.2666666507720947,ol
1293,2.2666666507720947,ol
1294,2.2666666507720947,ol
1295,2.2666666507720947,ol
1296,2.0,nl
1297,2.0,nl
1298,2.0,nl
1299,2.0,nl
1300,2.0,nl
1301,2.400000095367432,nl
1302,2.400000095367432,nl
1303,2.400000095367432,nl
1304,2.400000095367432,nl
1305,2.400000095367432,nl
1306,2.6666667461395264,ol
1307,2.6666667461395264,ol
1308,2.6666667461395264,ol
1309,2.6666667461395264,ol
1310,2.6666667461395264,ol
1311,2.533333301544189,ol
1312,2.533333301544189,ol
1313,2.533333301544189,ol
1314,2.533333301544189,ol
1315,2.533333301544189,nl
1316,2.533333301544189,nl
1317,2.533333301544189,nl
1318,2.533333301544189,nl
1319,2.533333301544189,nl
1320,2.533333301544189,nl
1321,3.0,nl
1322,3.0,nl
1323,3.0,nl
1324,3.0,nl
1325,3.0,nl
1326,2.933333396911621,nl
1327,2.933333396911621,nl
1328,2.933333396911621,nl
1329,2.933333396911621,nl
1330,2.933333396911621,nl
1331,2.5999999046325684,nl
1332,2.5999999046325684,nl
1333,2.5999999046325684,nl
1334,2.5999999046325684,nl
1335,2.5999999046325684,nl
1336,2.6666667461395264,nl
1337,2.6666667461395264,nl
1338,2.6666667461395264,nl
1339,2.6666667461395264,nl
1340,2.6666667461395264,nl
1341,2.7333333492279053,nl
1342,2.7333333492279053,nl
1343,2.7333333492279053,nl
1344,2.7333333492279053,nl
1345,2.7333333492279053,nl
1346,2.400000095367432,nl
1347,2.400000095367432,nl
1348,2.400000095367432,nl
1349,2.400000095367432,nl
1350,2.400000095367432,nl
1351,1.6666666269302368,nl
1352,1.6666666269302368,nl
1353,1.6666666269302368,nl
1354,1.6666666269302368,nl
1355,1.6666666269302368,nl
1356,1.3333333730697632,nl
1357,1.3333333730697632,nl
1358,1.3333333730697632,nl
1359,1.3333333730697632,nl
1360,1.3333333730697632,nl
1361,1.0,nl
1362,1.0,nl
1363,1.0,nl
1364,1.0,nl
1365,1.0,nl
1366,0.6666666865348816,nl
1367,0.6666666865348816,nl
1368,0.6666666865348816,nl
1369,0.6666666865348816,nl
1370,0.6666666865348816,nl
1371,0.3333333432674408,nl
1372,0.3333333432674408,nl
1373,0.3333333432674408,nl
1374,0.3333333432674408,nl
1375,0.3333333432674408,nl
1376,0.0,nl
1377,0.0,nl
1378,0.0,nl
1379,0.0,nl
1380,0.0,nl
1381,0.0,nl
1382,0.0,nl
1383,0.0,nl
1384,0.0,nl
1385,0.0,nl
1386,0.0,nl
1387,0.0,nl
1388,0.0,nl
1389,0.0,nl
1390,0.0,nl
1391,0.0,nl
1392,0.0,nl
1393,0.0,nl
1394,0.0,nl
1395,0.0,nl
1396,0.0,nl
1397,0.0,nl
1398,0.0,nl
1399,0.0,nl
1400,0.0,nl
1401,0.5333333611488342,nl
1402,0.5333333611488342,nl
1403,0.5333333611488342,nl
1404,0.5333333611488342,nl
1405,0.5333333611488342,nl
1406,1.2000000476837158,nl
1407,1.2000000476837158,nl
1408,1.2000000476837158,nl
1409,1.2000000476837158,nl
1410,1.2000000476837158,nl
1411,1.3333333730697632,nl
1412,1.3333333730697632,nl
1413,1.3333333730697632,nl
1414,1.3333333730697632,nl
1415,1.3333333730697632,nl
1416,1.3333333730697632,nl
1417,1.3333333730697632,nl
1418,1.3333333730697632,nl
1419,1.3333333730697632,nl
1420,1.3333333730697632,nl
1421,1.3333333730697632,nl
1422,1.3333333730697632,nl
1423,1.3333333730697632,nl
1424,1.3333333730697632,nl
1425,1.3333333730697632,nl
1426,1.3333333730697632,nl
1427,1.3333333730697632,nl
1428,1.3333333730697632,nl
1429,1.3333333730697632,nl
1430,1.3333333730697632,nl
1431,1.4666666984558103,nl
1432,1.4666666984558103,nl
1433,1.4666666984558103,nl
1434,1.4666666984558103,nl
1435,1.4666666984558103,nl
1436,1.4666666984558103,nl
1437,1.4666666984558103,nl
1438,1.4666666984558103,nl
1439,1.4666666984558103,nl
1440,1.3333333730697632,nl
1441,1.3333333730697632,nl
1442,1.3333333730697632,nl
1443,1.3333333730697632,nl
1444,1.3333333730697632,nl
1445,1.3333333730697632,nl
1446,1.3333333730697632,nl
1447,1.3333333730697632,nl
1448,1.3333333730697632,nl
1449,1.3333333730697632,nl
1450,1.3333333730697632,nl
1451,1.3333333730697632,ol
1452,1.3333333730697632,ol
1453,1.3333333730697632,ol
1454,1.3333333730697632,ol
1455,1.3333333730697632,ol
1456,1.2000000476837158,nl
1457,1.2000000476837158,nl
1458,1.2000000476837158,nl
1459,1.2000000476837158,nl
1460,1.2000000476837158,nl
1461,1.2000000476837158,ul
1462,1.2000000476837158,ul
1463,1.2000000476837158,ul
1464,1.2000000476837158,ul
1465,1.2000000476837158,ul
1466,1.2000000476837158,nl
1467,1.2000000476837158,nl
1468,1.2000000476837158,nl
1469,1.2000000476837158,nl
1470,1.2000000476837158,nl
1471,1.3333333730697632,nl
1472,1.3333333730697632,nl
1473,1.3333333730697632,nl
1474,1.3333333730697632,nl
1475,1.3333333730697632,nl
1476,1.3333333730697632,nl
1477,1.3333333730697632,nl
1478,1.3333333730697632,nl
1479,1.3333333730697632,nl
1480,1.3333333730697632,nl
1481,1.3333333730697632,nl
1482,1.3333333730697632,nl
1483,1.3333333730697632,nl
1484,1.3333333730697632,nl
1485,1.3333333730697632,nl
1486,1.3333333730697632,nl
1487,1.3333333730697632,nl
1488,1.3333333730697632,nl
1489,1.3333333730697632,nl
1490,1.3333333730697632,nl
1491,0.8000000119209291,nl
1492,0.8000000119209291,nl
1493,0.8000000119209291,nl
1494,0.8000000119209291,nl
1495,0.8000000119209291,nl
1496,0.0,nl
1497,0.0,nl
1498,0.0,nl
1499,0.0,nl
1500,0.0,nl
1501,0.0,nl
1502,0.0,nl
1503,0.0,nl
1504,0.0,nl
1505,0.0,nl
1506,0.0,nl
1507,0.0,nl
1508,0.0,nl
1509,0.0,nl
1510,0.0,nl
1511,0.0,nl
1512,0.0,nl
1513,0.0,nl
1514,0.0,nl
1515,0.0,nl
1516,0.0,nl
1517,0.0,nl
1518,0.0,nl
1519,0.0,nl
1520,0.0,nl
1521,0.13333334028720856,nl
1522,0.13333334028720856,nl
1523,0.13333334028720856,nl
1524,0.13333334028720856,nl
1525,0.13333334028720856,nl
1526,0.8000000119209291,nl
1527,0.8000000119209291,nl
1528,0.8000000119209291,nl
1529,0.8000000119209291,nl
1530,1.3333333730697632,nl
1531,1.3333333730697632,nl
1532,1.3333333730697632,nl
1533,1.3333333730697632,nl
1534,1.3333333730697632,nl
1535,1.3333333730697632,nl
1536,1.3333333730697632,nl
1537,1.3333333730697632,nl
1538,1.3333333730697632,nl
1539,1.3333333730697632,nl
1540,1.3333333730697632,nl
1541,1.3333333730697632,nl
1542,1.3333333730697632,nl
1543,1.3333333730697632,nl
1544,1.3333333730697632,nl
1545,1.3333333730697632,nl
1546,1.3333333730697632,nl
1547,1.3333333730697632,nl
1548,1.3333333730697632,nl
1549,1.3333333730697632,nl
1550,1.3333333730697632,nl
1551,1.2000000476837158,ul
1552,1.2000000476837158,ul
1553,1.2000000476837158,ul
1554,1.2000000476837158,ul
1555,1.2000000476837158,ul
1556,0.4000000059604645,ul
1557,0.4000000059604645,ul
1558,0.4000000059604645,ul
1559,0.4000000059604645,ul
1560,0.4000000059604645,ul
1561,0.0,ul
1562,0.0,ul
1563,0.0,ul
1564,0.0,ul
1565,0.0,nl
1566,0.0,nl
1567,0.0,nl
1568,0.0,nl
1569,0.0,nl
1570,0.0,nl
1571,0.0,nl
1572,0.0,nl
1573,0.0,nl
1574,0.0,nl
1575,0.0,nl
1576,0.0,nl
1577,0.0,nl
1578,0.0,nl
1579,0.0,nl
1580,0.0,nl
1581,0.0,nl
1582,0.0,nl
1583,0.0,nl
1584,0.0,nl
1585,0.0,nl
1586,0.0,nl
1587,0.0,nl
1588,0.0,nl
1589,0.0,nl
1590,0.0,nl
1591,0.0,nl
1592,0.0,nl
1593,0.0,nl
1594,0.0,nl
1595,0.0,nl
1596,0.0,ul
1597,0.0,ul
1598,0.0,ul
1599,0.0,ul
1600,0.0,ul
1601,0.0,ul
1602,0.0,ul
1603,0.0,ul
1604,0.0,ul
1605,0.0,ul
1606,0.0,ul
1607,0.0,ul
1608,0.0,ul
1609,0.0,ul
1610,0.0,ul
1611,0.0,ul
1612,0.0,ul
1613,0.0,ul
1614,0.0,ul
1615,0.0,ul
1616,0.0,ul
1617,0.0,ul
1618,0.0,ul
1619,0.0,ul
1620,0.0,ul
1621,0.0,ul
1622,0.0,ul
1623,0.0,ul
1624,0.0,ul
1625,0.0,ul
1626,0.0,nl
1627,0.0,nl
1628,0.0,nl
1629,0.0,nl
1630,0.0,nl
1631,0.0,nl
1632,0.0,nl
1633,0.0,nl
1634,0.0,nl
1635,0.0,nl
1636,0.0,nl
1637,0.0,nl
1638,0.0,nl
1639,0.0,nl
1640,0.0,nl
1641,0.0,nl
1642,0.0,nl
1643,0.0,nl
1644,0.0,nl
1645,0.0,nl
1646,0.0,ul
1647,0.0,ul
1648,0.0,ul
1649,0.0,ul
1650,0.0,ul
1651,0.0,nl
1652,0.0,nl
1653,0.0,nl
1654,0.0,nl
1655,0.0,nl
1656,0.0,nl
1657,0.0,nl
1658,0.0,nl
1659,0.0,nl
1660,0.0,nl
1661,0.0,nl
1662,0.0,nl
1663,0.0,nl
1664,0.0,nl
1665,0.0,nl
1666,0.0,nl
1667,0.0,nl
1668,0.0,nl
1669,0.0,nl
1670,0.0,nl
1671,0.0,nl
1672,0.0,nl
1673,0.0,nl
1674,0.0,nl
1675,0.0,nl
1676,0.0,nl
1677,0.0,nl
1678,0.0,nl
1679,0.0,nl
1680,0.0,nl
1681,0.0,nl
1682,0.0,nl
1683,0.0,nl
1684,0.0,nl
1685,0.0,nl
1686,0.0,nl
1687,0.0,nl
1688,0.0,nl
1689,0.0,nl
1690,0.0,nl
1691,0.0,nl
1692,0.0,nl
1693,0.0,nl
1694,0.0,nl
1695,0.0,nl
1696,0.0,nl
1697,0.0,nl
1698,0.0,nl
1699,0.0,nl
1700,0.0,nl
1701,0.5333333611488342,nl
1702,0.5333333611488342,nl
1703,0.5333333611488342,nl
1704,0.5333333611488342,nl
1705,1.2000000476837158,nl
1706,1.2000000476837158,nl
1707,1.2000000476837158,nl
1708,1.2000000476837158,nl
1709,1.2000000476837158,nl
1710,1.2000000476837158,nl
1711,1.3333333730697632,nl
1712,1.3333333730697632,nl
1713,1.3333333730697632,nl
1714,1.3333333730697632,nl
1715,1.3333333730697632,nl
1716,1.3333333730697632,nl
1717,1.3333333730697632,nl
1718,1.3333333730697632,nl
1719,1.3333333730697632,nl
1720,1.3333333730697632,nl
1721,1.3333333730697632,nl
1722,1.3333333730697632,nl
1723,1.3333333730697632,nl
1724,1.3333333730697632,nl
1725,1.3333333730697632,nl
1726,1.3333333730697632,nl
1727,1.3333333730697632,nl
1728,1.3333333730697632,nl
1729,1.3333333730697632,nl
1730,1.3333333730697632,nl
1731,0.8000000119209291,nl
1732,0.8000000119209291,nl
1733,0.8000000119209291,nl
1734,0.8000000119209291,nl
1735,0.8000000119209291,nl
1736,0.13333334028720856,nl
1737,0.13333334028720856,nl
1738,0.13333334028720856,nl
1739,0.13333334028720856,nl
1740,0.13333334028720856,nl
1741,0.6666666865348816,nl
1742,0.6666666865348816,nl
1743,0.6666666865348816,nl
1744,0.6666666865348816,nl
1745,1.3333333730697632,nl
1746,1.3333333730697632,nl
1747,1.3333333730697632,nl
1748,1.3333333730697632,nl
1749,1.3333333730697632,nl
1750,1.3333333730697632,nl
1751,1.3333333730697632,ol
1752,1.3333333730697632,ol
1753,1.3333333730697632,ol
1754,1.3333333730697632,ol
1755,1.3333333730697632,nl
1756,1.3333333730697632,nl
1757,1.3333333730697632,nl
1758,1.3333333730697632,nl
1759,1.3333333730697632,nl
1760,1.3333333730697632,nl
1761,1.3333333730697632,nl
1762,1.3333333730697632,nl
1763,1.3333333730697632,nl
1764,1.3333333730697632,nl
1765,1.3333333730697632,nl
1766,1.3333333730697632,nl
1767,1.3333333730697632,nl
1768,1.3333333730697632,nl
1769,1.3333333730697632,nl
1770,0.9333333373069764,nl
1771,0.9333333373069764,nl
1772,0.9333333373069764,nl
1773,0.9333333373069764,nl
1774,0.9333333373069764,nl
1775,0.9333333373069764,nl
1776,0.6000000238418579,nl
1777,0.6000000238418579,nl
1778,0.6000000238418579,nl
1779,0.6000000238418579,nl
1780,0.6000000238418579,nl
1781,0.9333333373069764,ul
1782,0.9333333373069764,ul
1783,0.9333333373069764,ul
1784,0.9333333373069764,ul
1785,0.9333333373069764,ul
1786,1.2666666507720947,ul
1787,1.2666666507720947,ul
1788,1.2666666507720947,ul
1789,1.2666666507720947,ul
1790,1.2666666507720947,ul
1791,1.6000000238418581,ul
1792,1.6000000238418581,ul
1793,1.6000000238418581,ul
1794,1.6000000238418581,ul
1795,1.6000000238418581,ul
1796,1.9333332777023315,ul
1797,1.9333332777023315,ul
1798,1.9333332777023315,ul
1799,1.9333332777023315,ul
1800,1.9333332777023315,ul
1801,1.7333333492279053,ul
1802,1.7333333492279053,ul
1803,1.7333333492279053,ul
1804,1.7333333492279053,ul
1805,1.399999976158142,ul
1806,1.399999976158142,ul
1807,1.399999976158142,ul
1808,1.399999976158142,ul
1809,1.399999976158142,ul
1810,1.399999976158142,ul
1811,1.0666667222976685,ul
1812,1.0666667222976685,ul
1813,1.0666667222976685,ul
1814,1.0666667222976685,ul
1815,1.0666667222976685,ul
1816,0.7333333492279053,ul
1817,0.7333333492279053,ul
1818,0.7333333492279053,ul
1819,0.7333333492279053,ul
1820,0.7333333492279053,ul
1821,0.4000000059604645,ul
1822,0.4000000059604645,ul
1823,0.4000000059604645,ul
1824,0.4000000059604645,ul
1825,0.4000000059604645,ul
1826,0.06666667014360428,ul
1827,0.06666667014360428,ul
1828,0.06666667014360428,ul
1829,0.06666667014360428,ul
1830,0.06666667014360428,ul
1831,0.0,ul
1832,0.0,ul
1833,0.0,ul
1834,0.0,ul
1835,0.0,ul
1836,0.0,ul
1837,0.0,ul
1838,0.0,ul
1839,0.0,ul
1840,0.0,ul
1841,0.0,ul
1842,0.0,ul
1843,0.0,ul
1844,0.0,ul
1845,0.0,ul
1846,0.0,ul
1847,0.0,ul
1848,0.0,ul
1849,0.0,ul
1850,0.0,ul
1851,0.0,ul
1852,0.0,ul
1853,0.0,ul
1854,0.0,ul
1855,0.0,ul
1856,0.0,ul
1857,0.0,ul
1858,0.0,ul
1859,0.0,ul
1860,0.0,ul
1861,0.0,ul
1862,0.0,ul
1863,0.0,ul
1864,0.0,ul
1865,0.0,ul
1866,0.0,ul
1867,0.0,ul
1868,0.0,ul
1869,0.0,ul
1870,0.0,ul
1871,0.0,ul
1872,0.0,ul
1873,0.0,ul
1874,0.0,ul
1875,0.0,ul
1876,0.0,ul
1877,0.0,ul
1878,0.0,ul
1879,0.0,ul
1880,0.0,ul
1881,0.0,ul
1882,0.0,ul
1883,0.0,ul
1884,0.0,ul
1885,0.0,ul
1886,0.0,ul
1887,0.0,ul
1888,0.0,ul
1889,0.0,ul
1890,0.0,ul
1891,0.0,ul
1892,0.0,ul
1893,0.0,ul
1894,0.0,ul
1895,0.0,ul
1896,0.0,ul
1897,0.0,ul
1898,0.0,ul
1899,0.0,ul
1900,0.0,ul
1901,0.0,ul
1902,0.0,ul
1903,0.0,ul
1904,0.0,ul
1905,0.0,ul
1906,0.0,ul
1907,0.0,ul
1908,0.0,ul
1909,0.0,ul
1910,0.0,ul
1911,0.0,ul
1912,0.0,ul
1913,0.0,ul
1914,0.0,ul
1915,0.0,ul
1916,0.0,ul
1917,0.0,ul
1918,0.0,ul
1919,0.0,ul
1920,0.0,ul
1921,0.0,ul
1922,0.0,ul
1923,0.0,ul
1924,0.0,ul
1925,0.0,ul
1926,0.0,ul
1927,0.0,ul
1928,0.0,ul
1929,0.0,ul
1930,0.0,ul
1931,0.0,ul
1932,0.0,ul
1933,0.0,ul
1934,0.0,ul
1935,0.0,ul
1936,0.0,ul
1937,0.0,ul
1938,0.0,ul
1939,0.0,ul
1940,0.0,ul
1941,0.0,ul
1942,0.0,ul
1943,0.0,ul
1944,0.0,ul
1945,0.0,ul
1946,0.0,ul
1947,0.0,ul
1948,0.0,ul
1949,0.0,ul
1950,0.0,ul
1951,0.0,ul
1952,0.0,ul
1953,0.0,ul
1954,0.0,ul
1955,0.0,ul
1956,0.0,ul
1957,0.0,ul
1958,0.0,ul
1959,0.0,ul
1960,0.0,ul
1961,0.0,ul
1962,0.0,ul
1963,0.0,ul
1964,0.0,ul
1965,0.0,ul
1966,0.0,ul
1967,0.0,ul
1968,0.0,ul
1969,0.0,ul
1970,0.0,ul
1971,0.0,ul
1972,0.0,ul
1973,0.0,ul
1974,0.0,ul
1975,0.0,ul
1976,0.0,ul
1977,0.0,ul
1978,0.0,ul
1979,0.0,ul
1980,0.0,ul
1981,0.0,ul
1982,0.0,ul
1983,0.0,ul
1984,0.0,ul
1985,0.0,ul
1986,0.0,ul
1987,0.0,ul
1988,0.0,ul
1989,0.0,ul
1990,0.0,ul
1991,0.0,ul
1992,0.0,ul
1993,0.0,ul
1994,0.0,ul
1995,0.0,ul
1996,0.0,ul
1997,0.0,ul
1998,0.0,ul
1999,0.0,ul
2000,0.0,ul
2001,0.0,ul
2002,0.0,ul
2003,0.0,ul
2004,0.0,ul
2005,0.0,ul
2006,0.0,ul
2007,0.0,ul
2008,0.0,ul
2009,0.0,ul
2010,0.0,ul
2011,0.0,ul
2012,0.0,ul
2013,0.0,ul
2014,0.0,ul
2015,0.0,ul
2016,0.0,ul
2017,0.0,ul
2018,0.0,ul
2019,0.0,ul
2020,0.0,ul
2021,0.0,ul
2022,0.0,ul
2023,0.0,ul
2024,0.0,ul
2025,0.0,ul
2026,0.0,ul
2027,0.0,ul
2028,0.0,ul
2029,0.0,ul
2030,0.0,ul
2031,0.0,ul
2032,0.0,ul
2033,0.0,ul
2034,0.0,ul
2035,0.0,ul
2036,0.0,ul
2037,0.0,ul
2038,0.0,ul
2039,0.0,ul
2040,0.0,ul
2041,0.0,ul
2042,0.0,ul
2043,0.0,ul
2044,0.0,ul
2045,0.0,ul
2046,0.0,ul
2047,0.0,ul
2048,0.0,ul
2049,0.0,ul
2050,0.0,ul
2051,0.0,ul
2052,0.0,ul
2053,0.0,ul
2054,0.0,ul
2055,0.0,ul
2056,0.0,ul
2057,0.0,ul
2058,0.0,ul
2059,0.0,ul
2060,0.0,ul
2061,0.0,ul
2062,0.0,ul
2063,0.0,ul
2064,0.0,ul
2065,0.0,ul
2066,0.0,ul
2067,0.0,ul
2068,0.0,ul
2069,0.0,ul
2070,0.0,ul
2071,0.0,ul
2072,0.0,ul
2073,0.0,ul
2074,0.0,ul
2075,0.0,ul
2076,0.0,ul
2077,0.0,ul
2078,0.0,ul
2079,0.0,ul
2080,0.0,ul
2081,0.0,ul
2082,0.0,ul
2083,0.0,ul
2084,0.0,ul
2085,0.0,ul
2086,0.0,ul
2087,0.0,ul
2088,0.0,ul
2089,0.0,ul
2090,0.0,ul
2091,0.0,ul
2092,0.0,ul
2093,0.0,ul
2094,0.0,ul
2095,0.0,ul
2096,0.0,ul
2097,0.0,ul
2098,0.0,ul
2099,0.0,ul
2100,0.0,ul
2101,0.0,ul
2102,0.0,ul
2103,0.0,ul
2104,0.0,ul
2105,0.0,ul
2106,0.0,ul
2107,0.0,ul
2108,0.0,ul
2109,0.0,ul
2110,0.0,ul
2111,0.0,ul
2112,0.0,ul
2113,0.0,ul
2114,0.0,ul
2115,0.0,ul
2116,0.0,ul
2117,0.0,ul
2118,0.0,ul
2119,0.0,ul
2120,0.0,ul
2121,0.0,ul
2122,0.0,ul
2123,0.0,ul
2124,0.0,ul
2125,0.0,ul
2126,0.0,ul
2127,0.0,ul
2128,0.0,ul
2129,0.0,ul
2130,0.0,ul
2131,0.0,ul
2132,0.0,ul
2133,0.0,ul
2134,0.0,ul
2135,0.0,ul
2136,0.0,ul
2137,0.0,ul
2138,0.0,ul
2139,0.0,ul
2140,0.0,ul
2141,0.0,ul
2142,0.0,ul
2143,0.0,ul
2144,0.0,ul
2145,0.0,ul
2146,0.0,ul
2147,0.0,ul
2148,0.0,ul
2149,0.0,ul
2150,0.0,ul
2151,0.0,ul
2152,0.0,ul
2153,0.0,ul
2154,0.0,ul
2155,0.0,ul
2156,0.0,ul
2157,0.0,ul
2158,0.0,ul
2159,0.0,ul
2160,0.0,ul
2161,0.0,ul
2162,0.0,ul
2163,0.0,ul
2164,0.0,ul
2165,0.0,ul
2166,0.0,ul
2167,0.0,ul
2168,0.0,ul
2169,0.0,ul
2170,0.0,ul
2171,0.0,ul
2172,0.0,ul
2173,0.0,ul
2174,0.0,ul
2175,0.0,ul
2176,0.0,ul
2177,0.0,ul
2178,0.0,ul
2179,0.0,ul
2180,0.0,ul
2181,0.0,ul
2182,0.0,ul
2183,0.0,ul
2184,0.0,ul
2185,0.0,ul
2186,0.0,ul
2187,0.0,ul
2188,0.0,ul
2189,0.0,ul
2190,0.0,ul
2191,0.0,ul
2192,0.0,ul
2193,0.0,ul
2194,0.0,ul
2195,0.0,ul
2196,0.0,ul
2197,0.0,ul
2198,0.0,ul
2199,0.0,ul
2200,0.0,ul
2201,0.0,ul
2202,0.0,ul
2203,0.0,ul
2204,0.0,ul
2205,0.0,ul
2206,0.0,ul
2207,0.0,ul
2208,0.0,ul
2209,0.0,ul
2210,0.0,ul
2211,0.0,ul
2212,0.0,ul
2213,0.0,ul
2214,0.0,ul
2215,0.0,ul
2216,0.0,ul
2217,0.0,ul
2218,0.0,ul
2219,0.0,ul
2220,0.0,ul
2221,0.20000000298023224,nl
2222,0.20000000298023224,nl
2223,0.20000000298023224,nl
2224,0.20000000298023224,nl
2225,0.20000000298023224,nl
2226,0.5333333611488342,ul
2227,0.5333333611488342,ul
2228,0.5333333611488342,ul
2229,0.5333333611488342,ul
2230,0.5333333611488342,ul
2231,0.9333333373069764,nl
2232,0.9333333373069764,nl
2233,0.9333333373069764,nl
2234,0.9333333373069764,nl
2235,0.9333333373069764,nl
2236,1.2000000476837158,ul
2237,1.2000000476837158,ul
2238,1.2000000476837158,ul
2239,1.2000000476837158,ul
2240,1.2000000476837158,ul
2241,1.5333333015441897,ul
2242,1.5333333015441897,ul
2243,1.5333333015441897,ul
2244,1.5333333015441897,ul
2245,1.5333333015441897,ul
2246,1.8666666746139529,nl
2247,1.8666666746139529,nl
2248,1.8666666746139529,nl
2249,1.8666666746139529,nl
2250,1.8666666746139529,nl
2251,1.7999999523162842,ul
2252,1.7999999523162842,ul
2253,1.7999999523162842,ul
2254,1.7999999523162842,ul
2255,1.7999999523162842,ul
2256,1.4666666984558103,ul
2257,1.4666666984558103,ul
2258,1.4666666984558103,ul
2259,1.4666666984558103,ul
2260,1.4666666984558103,ul
2261,1.0666667222976685,nl
2262,1.0666667222976685,nl
2263,1.0666667222976685,nl
2264,1.0666667222976685,nl
2265,1.0666667222976685,nl
2266,0.7333333492279053,nl
2267,0.7333333492279053,nl
2268,0.7333333492279053,nl
2269,0.7333333492279053,nl
2270,0.7333333492279053,nl
2271,0.4666666686534882,nl
2272,0.4666666686534882,nl
2273,0.4666666686534882,nl
2274,0.4666666686534882,nl
2275,0.4666666686534882,nl
2276,0.13333334028720856,nl
2277,0.13333334028720856,nl
2278,0.13333334028720856,nl
2279,0.13333334028720856,nl
2280,0.13333334028720856,nl
2281,0.0,nl
2282,0.0,nl
2283,0.0,nl
2284,0.0,nl
2285,0.0,nl
2286,0.0,nl
2287,0.0,nl
2288,0.0,nl
2289,0.0,nl
2290,0.0,nl
2291,0.0,nl
2292,0.0,nl
2293,0.0,nl
2294,0.0,nl
2295,0.0,nl
2296,0.0,nl
2297,0.0,nl
2298,0.0,nl
2299,0.0,nl
2300,0.0,nl
2301,0.5333333611488342,nl
2302,0.5333333611488342,nl
2303,0.5333333611488342,nl
2304,0.5333333611488342,nl
2305,0.5333333611488342,nl
2306,1.0666667222976685,nl
2307,1.0666667222976685,nl
2308,1.0666667222976685,nl
2309,1.0666667222976685,nl
2310,1.0666667222976685,nl
2311,1.3333333730697632,nl
2312,1.3333333730697632,nl
2313,1.3333333730697632,nl
2314,1.3333333730697632,nl
2315,1.3333333730697632,nl
2316,1.3333333730697632,nl
2317,1.3333333730697632,nl
2318,1.3333333730697632,nl
2319,1.3333333730697632,nl
2320,1.3333333730697632,nl
2321,1.3333333730697632,nl
2322,1.3333333730697632,nl
2323,1.3333333730697632,nl
2324,1.3333333730697632,nl
2325,1.3333333730697632,nl
2326,1.3333333730697632,nl
2327,1.3333333730697632,nl
2328,1.3333333730697632,nl
2329,1.3333333730697632,nl
2330,1.3333333730697632,nl
2331,1.3333333730697632,nl
2332,1.3333333730697632,nl
2333,1.3333333730697632,nl
2334,1.3333333730697632,nl
2335,1.3333333730697632,nl
2336,1.3333333730697632,nl
2337,1.3333333730697632,nl
2338,1.3333333730697632,nl
2339,1.3333333730697632,nl
2340,1.3333333730697632,nl
2341,1.3333333730697632,nl
2342,1.3333333730697632,nl
2343,1.3333333730697632,nl
2344,1.3333333730697632,nl
2345,1.3333333730697632,nl
2346,1.3333333730697632,nl
2347,1.3333333730697632,nl
2348,1.3333333730697632,nl
2349,1.3333333730697632,nl
2350,1.3333333730697632,nl
2351,1.3333333730697632,nl
2352,1.3333333730697632,nl
2353,1.3333333730697632,nl
2354,1.3333333730697632,nl
2355,1.3333333730697632,nl
2356,1.3333333730697632,nl
2357,1.3333333730697632,nl
2358,1.3333333730697632,nl
2359,1.3333333730697632,nl
2360,1.3333333730697632,nl
2361,1.3333333730697632,nl
2362,1.3333333730697632,nl
2363,1.3333333730697632,nl
2364,1.3333333730697632,nl
2365,1.3333333730697632,nl
2366,1.3333333730697632,nl
2367,1.3333333730697632,nl
2368,1.3333333730697632,nl
2369,1.3333333730697632,nl
2370,1.3333333730697632,nl
2371,1.3333333730697632,nl
2372,1.3333333730697632,nl
2373,1.3333333730697632,nl
2374,1.3333333730697632,nl
2375,1.3333333730697632,nl
2376,1.3333333730697632,nl
2377,1.3333333730697632,nl
2378,1.3333333730697632,nl
2379,1.3333333730697632,nl
2380,1.3333333730697632,nl
2381,1.3333333730697632,ul
2382,1.3333333730697632,ul
2383,1.3333333730697632,ul
2384,1.3333333730697632,ul
2385,1.3333333730697632,ul
2386,1.3333333730697632,nl
2387,1.3333333730697632,nl
2388,1.3333333730697632,nl
2389,1.3333333730697632,nl
2390,1.3333333730697632,nl
2391,0.9333333373069764,nl
2392,0.9333333373069764,nl
2393,0.9333333373069764,nl
2394,0.9333333373069764,nl
2395,0.9333333373069764,nl
2396,0.2666666805744171,nl
2397,0.2666666805744171,nl
2398,0.2666666805744171,nl
2399,0.2666666805744171,nl
2400,0.2666666805744171,nl
2401,0.0,ul
2402,0.0,ul
2403,0.0,ul
2404,0.0,ul
2405,0.0,ul
2406,0.0,nl
2407,0.0,nl
2408,0.0,nl
2409,0.0,nl
2410,0.0,nl
2411,0.0,nl
2412,0.0,nl
2413,0.0,nl
2414,0.0,nl
2415,0.0,nl
2416,0.0,nl
2417,0.0,nl
2418,0.0,nl
2419,0.0,nl
2420,0.0,nl
2421,0.0,nl
2422,0.0,nl
2423,0.0,nl
2424,0.0,nl
2425,0.0,nl
2426,0.5333333611488342,nl
2427,0.5333333611488342,nl
2428,0.5333333611488342,nl
2429,0.5333333611488342,nl
2430,0.5333333611488342,nl
2431,1.2000000476837158,nl
2432,1.2000000476837158,nl
2433,1.2000000476837158,nl
2434,1.2000000476837158,nl
2435,1.2000000476837158,nl
2436,1.3333333730697632,nl
2437,1.3333333730697632,nl
2438,1.3333333730697632,nl
2439,1.3333333730697632,nl
2440,1.3333333730697632,nl
2441,1.3333333730697632,nl
2442,1.3333333730697632,nl
2443,1.3333333730697632,nl
2444,1.3333333730697632,nl
2445,1.3333333730697632,nl
2446,1.3333333730697632,ul
2447,1.3333333730697632,ul
2448,1.3333333730697632,ul
2449,1.3333333730697632,ul
2450,1.3333333730697632,ul
2451,1.3333333730697632,ul
2452,1.3333333730697632,ul
2453,1.3333333730697632,ul
2454,1.3333333730697632,ul
2455,1.3333333730697632,ul
2456,0.8000000119209291,ul
2457,0.8000000119209291,ul
2458,0.8000000119209291,ul
2459,0.8000000119209291,ul
2460,0.8000000119209291,ul
2461,0.13333334028720856,ul
2462,0.13333334028720856,ul
2463,0.13333334028720856,ul
2464,0.13333334028720856,ul
2465,0.13333334028720856,ul
2466,0.0,nl
2467,0.0,nl
2468,0.0,nl
2469,0.0,nl
2470,0.0,ol
2471,0.0,ol
2472,0.0,ol
2473,0.0,ol
2474,0.0,ol
2475,0.0,ol
2476,0.0,nl
2477,0.0,nl
2478,0.0,nl
2479,0.0,nl
2480,0.0,nl
2481,0.0,nl
2482,0.0,nl
2483,0.0,nl
2484,0.0,nl
2485,0.0,nl
2486,0.0,nl
2487,0.0,nl
2488,0.0,nl
2489,0.0,nl
2490,0.0,ul
2491,0.0,ul
2492,0.0,ul
2493,0.0,ul
2494,0.0,ul
2495,0.0,ul
2496,0.0,ul
2497,0.0,ul
2498,0.0,ul
2499,0.0,ul
2500,0.0,ul
2501,0.0,ul
2502,0.0,ul
2503,0.0,ul
2504,0.0,ul
2505,0.0,ul
2506,0.0,nl
2507,0.0,nl
2508,0.0,nl
2509,0.0,nl
2510,0.0,nl
2511,0.0,ul
2512,0.0,ul
2513,0.0,ul
2514,0.0,ul
2515,0.0,ul
2516,0.0,nl
2517,0.0,nl
2518,0.0,nl
2519,0.0,nl
2520,0.0,nl
2521,0.0,nl
2522,0.0,nl
2523,0.0,nl
2524,0.0,nl
2525,0.0,ul
2526,0.0,ul
2527,0.0,ul
2528,0.0,ul
2529,0.0,ul
2530,0.0,ul
2531,0.0,nl
2532,0.0,nl
2533,0.0,nl
2534,0.0,nl
2535,0.0,nl
2536,0.0,nl
2537,0.0,nl
2538,0.0,nl
2539,0.0,nl
2540,0.0,nl
2541,0.0,nl
2542,0.0,nl
2543,0.0,nl
2544,0.0,nl
2545,0.0,nl
2546,0.0,nl
2547,0.0,nl
2548,0.0,nl
2549,0.0,nl
2550,0.0,nl
2551,0.0,nl
2552,0.0,nl
2553,0.0,nl
2554,0.0,nl
2555,0.0,nl
2556,0.0,nl
2557,0.0,nl
2558,0.0,nl
2559,0.0,nl
2560,0.0,nl
2561,0.0,nl
2562,0.0,nl
2563,0.0,nl
2564,0.0,nl
2565,0.0,nl
2566,0.0,nl
2567,0.0,nl
2568,0.0,nl
2569,0.0,nl
2570,0.0,nl
2571,0.0,nl
2572,0.0,nl
2573,0.0,nl
2574,0.0,nl
2575,0.0,nl
2576,0.0,nl
2577,0.0,nl
2578,0.0,nl
2579,0.0,nl
2580,0.0,nl
2581,0.0,nl
2582,0.0,nl
2583,0.0,nl
2584,0.0,nl
2585,0.0,nl
2586,0.0,nl
2587,0.0,nl
2588,0.0,nl
2589,0.0,nl
2590,0.0,nl
2591,0.0,nl
2592,0.0,nl
2593,0.0,nl
2594,0.0,nl
2595,0.0,nl
2596,0.0,nl
2597,0.0,nl
2598,0.0,nl
2599,0.0,nl
2600,0.0,nl
2601,0.4000000059604645,nl
2602,0.4000000059604645,nl
2603,0.4000000059604645,nl
2604,0.4000000059604645,nl
2605,0.4000000059604645,nl
2606,1.0666667222976685,nl
2607,1.0666667222976685,nl
2608,1.0666667222976685,nl
2609,1.0666667222976685,nl
2610,1.0666667222976685,nl
2611,1.3333333730697632,nl
2612,1.3333333730697632,nl
2613,1.3333333730697632,nl
2614,1.3333333730697632,nl
2615,1.3333333730697632,nl
2616,1.3333333730697632,nl
2617,1.3333333730697632,nl
2618,1.3333333730697632,nl
2619,1.3333333730697632,nl
2620,1.3333333730697632,nl
2621,1.3333333730697632,nl
2622,1.3333333730697632,nl
2623,1.3333333730697632,nl
2624,1.3333333730697632,nl
2625,1.3333333730697632,nl
2626,1.3333333730697632,nl
2627,1.3333333730697632,nl
2628,1.3333333730697632,nl
2629,1.3333333730697632,nl
2630,1.3333333730697632,nl
2631,0.8000000119209291,nl
2632,0.8000000119209291,nl
2633,0.8000000119209291,nl
2634,0.8000000119209291,nl
2635,0.8000000119209291,nl
2636,0.2666666805744171,nl
2637,0.2666666805744171,nl
2638,0.2666666805744171,nl
2639,0.2666666805744171,nl
2640,0.2666666805744171,nl
2641,0.4000000059604645,nl
2642,0.4000000059604645,nl
2643,0.4000000059604645,nl
2644,0.4000000059604645,nl
2645,0.4000000059604645,nl
2646,1.0666667222976685,nl
2647,1.0666667222976685,nl
2648,1.0666667222976685,nl
2649,1.0666667222976685,nl
2650,1.3333333730697632,nl
2651,1.3333333730697632,nl
2652,1.3333333730697632,nl
2653,1.3333333730697632,nl
2654,1.3333333730697632,nl
2655,1.3333333730697632,nl
2656,1.3333333730697632,ol
2657,1.3333333730697632,ol
2658,1.3333333730697632,ol
2659,1.3333333730697632,ol
2660,1.3333333730697632,ol
2661,1.3333333730697632,nl
2662,1.3333333730697632,nl
2663,1.3333333730697632,nl
2664,1.3333333730697632,nl
2665,1.3333333730697632,nl
2666,1.3333333730697632,nl
2667,1.3333333730697632,nl
2668,1.3333333730697632,nl
2669,1.3333333730697632,nl
2670,1.3333333730697632,nl
2671,1.1333333253860474,nl
2672,1.1333333253860474,nl
2673,1.1333333253860474,nl
2674,1.1333333253860474,nl
2675,1.1333333253860474,nl
2676,0.8000000119209291,nl
2677,0.8000000119209291,nl
2678,0.8000000119209291,nl
2679,0.8000000119209291,nl
2680,0.8666666746139526,nl
2681,0.8666666746139526,nl
2682,0.8666666746139526,nl
2683,0.8666666746139526,nl
2684,0.8666666746139526,nl
2685,0.8666666746139526,nl
2686,1.2000000476837158,nl
2687,1.2000000476837158,nl
2688,1.2000000476837158,nl
2689,1.2000000476837158,nl
2690,1.2000000476837158,nl
2691,1.5333333015441897,nl
2692,1.5333333015441897,nl
2693,1.5333333015441897,nl
2694,1.5333333015441897,nl
2695,1.5333333015441897,nl
2696,1.8666666746139529,ul
2697,1.8666666746139529,ul
2698,1.8666666746139529,ul
2699,1.8666666746139529,ul
2700,1.8666666746139529,ul
2701,1.7999999523162842,nl
2702,1.7999999523162842,nl
2703,1.7999999523162842,nl
2704,1.7999999523162842,nl
2705,1.7999999523162842,nl
2706,1.4666666984558103,nl
2707,1.4666666984558103,nl
2708,1.4666666984558103,nl
2709,1.4666666984558103,nl
2710,1.4666666984558103,nl
2711,1.1333333253860474,nl
2712,1.1333333253860474,nl
2713,1.1333333253860474,nl
2714,1.1333333253860474,nl
2715,1.1333333253860474,nl
2716,0.8000000119209291,nl
2717,0.8000000119209291,nl
2718,0.8000000119209291,nl
2719,0.8000000119209291,nl
2720,0.8000000119209291,nl
2721,0.4666666686534882,nl
2722,0.4666666686534882,nl
2723,0.4666666686534882,nl
2724,0.4666666686534882,nl
2725,0.4666666686534882,nl
2726,0.13333334028720856,nl
2727,0.13333334028720856,nl
2728,0.13333334028720856,nl
2729,0.13333334028720856,nl
2730,0.13333334028720856,nl
2731,0.0,nl
2732,0.0,nl
2733,0.0,nl
2734,0.0,nl
2735,0.0,ol
2736,0.0,ol
2737,0.0,ol
2738,0.0,ol
2739,0.0,ol
2740,0.0,ol
2741,0.6666666865348816,ol
2742,0.6666666865348816,ol
2743,0.6666666865348816,ol
2744,0.6666666865348816,ol
2745,0.6666666865348816,ol
2746,1.3333333730697632,nl
2747,1.3333333730697632,nl
2748,1.3333333730697632,nl
2749,1.3333333730697632,nl
2750,1.3333333730697632,nl
2751,1.3333333730697632,ol
2752,1.3333333730697632,ol
2753,1.3333333730697632,ol
2754,1.3333333730697632,ol
2755,1.3333333730697632,ol
2756,1.8666666746139529,ol
2757,1.8666666746139529,ol
2758,1.8666666746139529,ol
2759,1.8666666746139529,ol
2760,1.8666666746139529,ol
2761,2.533333301544189,ol
2762,2.533333301544189,ol
2763,2.533333301544189,ol
2764,2.533333301544189,ol
2765,2.533333301544189,ol
2766,2.6666667461395264,ol
2767,2.6666667461395264,ol
2768,2.6666667461395264,ol
2769,2.6666667461395264,ol
2770,2.6666667461395264,ol
2771,2.6666667461395264,nl
2772,2.6666667461395264,nl
2773,2.6666667461395264,nl
2774,2.6666667461395264,nl
2775,2.6666667461395264,nl
2776,2.6666667461395264,nl
2777,2.6666667461395264,nl
2778,2.6666667461395264,nl
2779,2.6666667461395264,nl
2780,2.6666667461395264,nl
2781,2.933333396911621,nl
2782,2.933333396911621,nl
2783,2.933333396911621,nl
2784,2.933333396911621,nl
2785,2.933333396911621,nl
2786,2.933333396911621,nl
2787,2.933333396911621,nl
2788,2.933333396911621,nl
2789,2.933333396911621,nl
2790,2.933333396911621,nl
2791,2.799999952316284,ol
2792,2.799999952316284,ol
2793,2.799999952316284,ol
2794,2.799999952316284,ol
2795,2.799999952316284,ol
2796,2.799999952316284,nl
2797,2.799999952316284,nl
2798,2.799999952316284,nl
2799,2.799999952316284,nl
2800,2.799999952316284,nl
2801,2.799999952316284,nl
2802,2.799999952316284,nl
2803,2.799999952316284,nl
2804,2.799999952316284,nl
2805,2.799999952316284,nl
2806,2.6666667461395264,ol
2807,2.6666667461395264,ol
2808,2.6666667461395264,ol
2809,2.6666667461395264,ol
2810,2.6666667461395264,ol
2811,2.799999952316284,ol
2812,2.799999952316284,ol
2813,2.799999952316284,ol
2814,2.799999952316284,ol
2815,2.799999952316284,ol
2816,2.799999952316284,nl
2817,2.799999952316284,nl
2818,2.799999952316284,nl
2819,2.799999952316284,nl
2820,2.799999952316284,nl
2821,2.6666667461395264,nl
2822,2.6666667461395264,nl
2823,2.6666667461395264,nl
2824,2.6666667461395264,nl
2825,2.6666667461395264,nl
2826,2.533333301544189,ol
2827,2.533333301544189,ol
2828,2.533333301544189,ol
2829,2.533333301544189,ol
2830,2.533333301544189,ol
2831,1.8666666746139529,nl
2832,1.8666666746139529,nl
2833,1.8666666746139529,nl
2834,1.8666666746139529,nl
2835,1.8666666746139529,nl
2836,1.7333333492279053,nl
2837,1.7333333492279053,nl
2838,1.7333333492279053,nl
2839,1.7333333492279053,nl
2840,1.7333333492279053,nl
2841,2.133333444595337,ol
2842,2.133333444595337,ol
2843,2.133333444595337,ol
2844,2.133333444595337,ol
2845,2.133333444595337,ol
2846,1.7333333492279053,ol
2847,1.7333333492279053,ol
2848,1.7333333492279053,ol
2849,1.7333333492279053,ol
2850,1.7333333492279053,ol
2851,1.8666666746139529,nl
2852,1.8666666746139529,nl
2853,1.8666666746139529,nl
2854,1.8666666746139529,nl
2855,1.8666666746139529,nl
2856,2.533333301544189,ol
2857,2.533333301544189,ol
2858,2.533333301544189,ol
2859,2.533333301544189,ol
2860,2.533333301544189,ol
2861,2.6666667461395264,ol
2862,2.6666667461395264,ol
2863,2.6666667461395264,ol
2864,2.6666667461395264,ol
2865,2.6666667461395264,ol
2866,2.933333396911621,nl
2867,2.933333396911621,nl
2868,2.933333396911621,nl
2869,2.933333396911621,nl
2870,2.933333396911621,nl
2871,2.933333396911621,ol
2872,2.933333396911621,ol
2873,2.933333396911621,ol
2874,2.933333396911621,ol
2875,2.933333396911621,ol
2876,2.6666667461395264,nl
2877,2.6666667461395264,nl
2878,2.6666667461395264,nl
2879,2.6666667461395264,nl
2880,2.6666667461395264,nl
2881,2.533333301544189,nl
2882,2.533333301544189,nl
2883,2.533333301544189,nl
2884,2.533333301544189,nl
2885,2.533333301544189,nl
2886,2.533333301544189,nl
2887,2.533333301544189,nl
2888,2.533333301544189,nl
2889,2.533333301544189,nl
2890,2.533333301544189,nl
2891,3.3333332538604736,nl
2892,3.3333332538604736,nl
2893,3.3333332538604736,nl
2894,3.3333332538604736,nl
2895,3.3333332538604736,nl
2896,3.3333332538604736,nl
2897,3.3333332538604736,nl
2898,3.3333332538604736,nl
2899,3.3333332538604736,nl
2900,3.3333332538604736,nl
2901,2.6666667461395264,ol
2902,2.6666667461395264,ol
2903,2.6666667461395264,ol
2904,2.6666667461395264,ol
2905,2.6666667461395264,ol
2906,2.6666667461395264,ol
2907,2.6666667461395264,ol
2908,2.6666667461395264,ol
2909,2.6666667461395264,ol
2910,2.6666667461395264,ol
2911,2.400000095367432,ol
2912,2.400000095367432,ol
2913,2.400000095367432,ol
2914,2.400000095367432,ol
2915,2.400000095367432,ol
2916,2.400000095367432,nl
2917,2.400000095367432,nl
2918,2.400000095367432,nl
2919,2.400000095367432,nl
2920,2.400000095367432,nl
2921,2.0,nl
2922,2.0,nl
2923,2.0,nl
2924,2.0,nl
2925,2.0,nl
2926,1.3333333730697632,nl
2927,1.3333333730697632,nl
2928,1.3333333730697632,nl
2929,1.3333333730697632,nl
2930,1.7333333492279053,nl
2931,1.7333333492279053,nl
2932,1.7333333492279053,nl
2933,1.7333333492279053,nl
2934,1.7333333492279053,nl
2935,1.7333333492279053,nl
2936,2.400000095367432,nl
2937,2.400000095367432,nl
2938,2.400000095367432,nl
2939,2.400000095367432,nl
2940,2.400000095367432,nl
2941,2.533333301544189,ol
2942,2.533333301544189,ol
2943,2.533333301544189,ol
2944,2.533333301544189,ol
2945,2.533333301544189,ol
2946,1.8666666746139529,nl
2947,1.8666666746139529,nl
2948,1.8666666746139529,nl
2949,1.8666666746139529,nl
2950,1.8666666746139529,nl
2951,1.8666666746139529,nl
2952,1.8666666746139529,nl
2953,1.8666666746139529,nl
2954,1.8666666746139529,nl
2955,1.8666666746139529,nl
2956,2.533333301544189,nl
2957,2.533333301544189,nl
2958,2.533333301544189,nl
2959,2.533333301544189,nl
2960,2.533333301544189,nl
2961,2.2666666507720947,nl
2962,2.2666666507720947,nl
2963,2.2666666507720947,nl
2964,2.2666666507720947,nl
2965,2.2666666507720947,nl
2966,1.6000000238418581,nl
2967,1.6000000238418581,nl
2968,1.6000000238418581,nl
2969,1.6000000238418581,nl
2970,1.6000000238418581,nl
2971,1.3333333730697632,nl
2972,1.3333333730697632,nl
2973,1.3333333730697632,nl
2974,1.3333333730697632,nl
2975,1.3333333730697632,nl
2976,1.3333333730697632,nl
2977,1.3333333730697632,nl
2978,1.3333333730697632,nl
2979,1.3333333730697632,nl
2980,1.3333333730697632,nl
2981,0.8000000119209291,nl
2982,0.8000000119209291,nl
2983,0.8000000119209291,nl
2984,0.8000000119209291,nl
2985,0.8000000119209291,nl
2986,0.13333334028720856,nl
2987,0.13333334028720856,nl
2988,0.13333334028720856,nl
2989,0.13333334028720856,nl
2990,0.13333334028720856,nl
2991,0.0,nl
2992,0.0,nl
2993,0.0,nl
2994,0.0,nl
2995,0.0,nl
2996,0.4000000059604645,ol
2997,0.4000000059604645,ol
2998,0.4000000059604645,ol
2999,0.4000000059604645,ol
3000,0.4000000059604645,ol
3001,1.0666667222976685,ol
3002,1.0666667222976685,ol
3003,1.0666667222976685,ol
3004,1.0666667222976685,ol
3005,1.0666667222976685,ol
3006,1.3333333730697632,nl
3007,1.3333333730697632,nl
3008,1.3333333730697632,nl
3009,1.3333333730697632,nl
3010,1.3333333730697632,nl
3011,1.3333333730697632,nl
3012,1.3333333730697632,nl
3013,1.3333333730697632,nl
3014,1.3333333730697632,nl
3015,1.3333333730697632,nl
3016,1.3333333730697632,nl
3017,1.3333333730697632,nl
3018,1.3333333730697632,nl
3019,1.3333333730697632,nl
3020,1.3333333730697632,nl
3021,1.3333333730697632,ol
3022,1.3333333730697632,ol
3023,1.3333333730697632,ol
3024,1.3333333730697632,ol
3025,1.3333333730697632,ol
3026,0.9333333373069764,ol
3027,0.9333333373069764,ol
3028,0.9333333373069764,ol
3029,0.9333333373069764,ol
3030,0.9333333373069764,ol
3031,0.2666666805744171,nl
3032,0.2666666805744171,nl
3033,0.2666666805744171,nl
3034,0.2666666805744171,nl
3035,0.2666666805744171,nl
3036,0.13333334028720856,nl
3037,0.13333334028720856,nl
3038,0.13333334028720856,nl
3039,0.13333334028720856,nl
3040,0.13333334028720856,nl
3041,0.8000000119209291,ol
3042,0.8000000119209291,ol
3043,0.8000000119209291,ol
3044,0.8000000119209291,ol
3045,0.8000000119209291,ol
3046,1.3333333730697632,ol
3047,1.3333333730697632,ol
3048,1.3333333730697632,ol
3049,1.3333333730697632,ol
3050,1.3333333730697632,ol
3051,1.3333333730697632,nl
3052,1.3333333730697632,nl
3053,1.3333333730697632,nl
3054,1.3333333730697632,nl
3055,1.3333333730697632,nl
3056,2.0,nl
3057,2.0,nl
3058,2.0,nl
3059,2.0,nl
3060,2.0,nl
3061,2.6666667461395264,nl
3062,2.6666667461395264,nl
3063,2.6666667461395264,nl
3064,2.6666667461395264,nl
3065,2.6666667461395264,nl
3066,3.2000000476837163,nl
3067,3.2000000476837163,nl
3068,3.2000000476837163,nl
3069,3.2000000476837163,nl
3070,3.2000000476837163,nl
3071,3.2000000476837163,ol
3072,3.2000000476837163,ol
3073,3.2000000476837163,ol
3074,3.2000000476837163,ol
3075,3.2000000476837163,ol
3076,2.6666667461395264,ol
3077,2.6666667461395264,ol
3078,2.6666667461395264,ol
3079,2.6666667461395264,ol
3080,2.6666667461395264,ol
3081,2.6666667461395264,nl
3082,2.6666667461395264,nl
3083,2.6666667461395264,nl
3084,2.6666667461395264,nl
3085,2.6666667461395264,nl
3086,2.6666667461395264,nl
3087,2.6666667461395264,nl
3088,2.6666667461395264,nl
3089,2.6666667461395264,nl
3090,2.6666667461395264,nl
3091,2.6666667461395264,ol
3092,2.6666667461395264,ol
3093,2.6666667461395264,ol
3094,2.6666667461395264,ol
3095,2.6666667461395264,ol
3096,2.0,nl
3097,2.0,nl
3098,2.0,nl
3099,2.0,nl
3100,2.0,nl
3101,2.0,ol
3102,2.0,ol
3103,2.0,ol
3104,2.0,ol
3105,2.0,ol
3106,2.6666667461395264,nl
3107,2.6666667461395264,nl
3108,2.6666667461395264,nl
3109,2.6666667461395264,nl
3110,2.6666667461395264,nl
3111,2.6666667461395264,nl
3112,2.6666667461395264,nl
3113,2.6666667461395264,nl
3114,2.6666667461395264,nl
3115,2.533333301544189,nl
3116,2.533333301544189,nl
3117,2.533333301544189,nl
3118,2.533333301544189,nl
3119,2.533333301544189,nl
3120,2.533333301544189,nl
3121,2.6666667461395264,nl
3122,2.6666667461395264,nl
3123,2.6666667461395264,nl
3124,2.6666667461395264,nl
3125,2.6666667461395264,nl
3126,3.133333444595337,nl
3127,3.133333444595337,nl
3128,3.133333444595337,nl
3129,3.133333444595337,nl
3130,3.133333444595337,nl
3131,2.799999952316284,nl
3132,2.799999952316284,nl
3133,2.799999952316284,nl
3134,2.799999952316284,nl
3135,2.799999952316284,nl
3136,2.4666666984558105,nl
3137,2.4666666984558105,nl
3138,2.4666666984558105,nl
3139,2.4666666984558105,nl
3140,2.4666666984558105,nl
3141,2.799999952316284,nl
3142,2.799999952316284,nl
3143,2.799999952316284,nl
3144,2.799999952316284,nl
3145,2.5999999046325684,nl
3146,2.5999999046325684,nl
3147,2.5999999046325684,nl
3148,2.5999999046325684,nl
3149,2.5999999046325684,nl
3150,2.1428570747375493,ul
